ISO-10303-21;
HEADER;
/* Generated by software containing ST-Developer
 * from STEP Tools, Inc. (www.steptools.com) 
 */
/* OPTION: using custom renumber hook */

FILE_DESCRIPTION(
/* description */ ('STEP AP242 Edition 2',
'CAx-IF Rec.Pracs.---Representation and Presentation of Product Manufa
cturing Information (PMI)---4.0---2014-10-13',
'CAx-IF Rec.Pracs.---3D Tessellated Geometry---0.4---2014-09-14','2;1',
'CAx-IF Rec.Pracs.---User Defined Attributes---1.5---2016-08-15'),
/* implementation_level */ '2;1');

FILE_NAME(
/* name */ 'Part Studio 1',
/* time_stamp */ '2026-10-03T06:15:53Z',
/* author */ (''),
/* organization */ (''),
/* preprocessor_version */ 'ST-DEVELOPER v20',
/* originating_system */ 'ONSHAPE BY PTC INC, 1.221',
/* authorisation */ '  ');

FILE_SCHEMA (('AP242_MANAGED_MODEL_BASED_3D_ENGINEERING_MIM_LF { 1 0 10303 442 3 1 4 }'));
ENDSEC;

DATA;
#10=SHAPE_REPRESENTATION_RELATIONSHIP('','',#1901,#11);
#11=ADVANCED_BREP_SHAPE_REPRESENTATION('',(#1899),#3344);
#12=CYLINDRICAL_SURFACE('',#1936,0.005);
#13=CYLINDRICAL_SURFACE('',#1940,0.005);
#14=CYLINDRICAL_SURFACE('',#1944,0.005);
#15=CYLINDRICAL_SURFACE('',#1948,0.005);
#16=CYLINDRICAL_SURFACE('',#1952,0.0025);
#17=CYLINDRICAL_SURFACE('',#1953,0.0025);
#18=CYLINDRICAL_SURFACE('',#1967,0.00860351763962655);
#19=CYLINDRICAL_SURFACE('',#1971,0.00973784141436141);
#20=CYLINDRICAL_SURFACE('',#1975,0.00864044093080241);
#21=CYLINDRICAL_SURFACE('',#1979,0.00857852400025736);
#22=CYLINDRICAL_SURFACE('',#1989,0.008);
#23=CYLINDRICAL_SURFACE('',#2007,0.003);
#24=CYLINDRICAL_SURFACE('',#2008,0.003);
#25=CYLINDRICAL_SURFACE('',#2010,0.003);
#26=CYLINDRICAL_SURFACE('',#2011,0.003);
#27=CYLINDRICAL_SURFACE('',#2013,0.00229957347927864);
#28=CYLINDRICAL_SURFACE('',#2014,0.00230036825901416);
#29=CYLINDRICAL_SURFACE('',#2016,0.00230036825901416);
#30=CYLINDRICAL_SURFACE('',#2017,0.00230036825901416);
#31=B_SPLINE_SURFACE_WITH_KNOTS('',3,1,((#2785,#2786),(#2787,#2788),(#2789,
#2790),(#2791,#2792)),.SURF_OF_LINEAR_EXTRUSION.,.F.,.F.,.F.,(4,4),(2,2),
(0.536190264738077,1.),(0.,1.),.PIECEWISE_BEZIER_KNOTS.);
#32=B_SPLINE_SURFACE_WITH_KNOTS('',3,1,((#2795,#2796),(#2797,#2798),(#2799,
#2800),(#2801,#2802)),.SURF_OF_LINEAR_EXTRUSION.,.F.,.F.,.F.,(4,4),(2,2),
(0.536190264738077,1.),(0.,1.),.PIECEWISE_BEZIER_KNOTS.);
#33=B_SPLINE_SURFACE_WITH_KNOTS('',3,1,((#2805,#2806),(#2807,#2808),(#2809,
#2810),(#2811,#2812)),.SURF_OF_LINEAR_EXTRUSION.,.F.,.F.,.F.,(4,4),(2,2),
(0.,0.612701665377926),(0.,1.),.PIECEWISE_BEZIER_KNOTS.);
#34=B_SPLINE_SURFACE_WITH_KNOTS('',3,1,((#2814,#2815),(#2816,#2817),(#2818,
#2819),(#2820,#2821)),.SURF_OF_LINEAR_EXTRUSION.,.F.,.F.,.F.,(4,4),(2,2),
(0.,0.612701665377926),(0.,1.),.PIECEWISE_BEZIER_KNOTS.);
#35=B_SPLINE_SURFACE_WITH_KNOTS('',5,1,((#3069,#3070),(#3071,#3072),(#3073,
#3074),(#3075,#3076),(#3077,#3078),(#3079,#3080),(#3081,#3082),(#3083,#3084)),
 .SURF_OF_LINEAR_EXTRUSION.,.F.,.F.,.F.,(6,2,6),(2,2),(0.,0.5,1.),(0.,1.),
 .UNSPECIFIED.);
#36=B_SPLINE_SURFACE_WITH_KNOTS('',5,1,((#3089,#3090),(#3091,#3092),(#3093,
#3094),(#3095,#3096),(#3097,#3098),(#3099,#3100),(#3101,#3102),(#3103,#3104)),
 .SURF_OF_LINEAR_EXTRUSION.,.F.,.F.,.F.,(6,2,6),(2,2),(0.,0.5,1.),(0.,1.),
 .UNSPECIFIED.);
#37=B_SPLINE_SURFACE_WITH_KNOTS('',5,1,((#3105,#3106),(#3107,#3108),(#3109,
#3110),(#3111,#3112),(#3113,#3114),(#3115,#3116),(#3117,#3118),(#3119,#3120)),
 .SURF_OF_LINEAR_EXTRUSION.,.F.,.F.,.F.,(6,2,6),(2,2),(0.,0.5,1.),(0.,1.),
 .UNSPECIFIED.);
#38=B_SPLINE_SURFACE_WITH_KNOTS('',5,1,((#3125,#3126),(#3127,#3128),(#3129,
#3130),(#3131,#3132),(#3133,#3134),(#3135,#3136),(#3137,#3138),(#3139,#3140)),
 .SURF_OF_LINEAR_EXTRUSION.,.F.,.F.,.F.,(6,2,6),(2,2),(0.,0.5,1.),(0.,1.),
 .UNSPECIFIED.);
#39=B_SPLINE_SURFACE_WITH_KNOTS('',5,1,((#3208,#3209),(#3210,#3211),(#3212,
#3213),(#3214,#3215),(#3216,#3217),(#3218,#3219),(#3220,#3221),(#3222,#3223)),
 .SURF_OF_LINEAR_EXTRUSION.,.F.,.F.,.F.,(6,2,6),(2,2),(0.,0.5,1.),(0.,1.),
 .UNSPECIFIED.);
#40=B_SPLINE_SURFACE_WITH_KNOTS('',5,1,((#3224,#3225),(#3226,#3227),(#3228,
#3229),(#3230,#3231),(#3232,#3233),(#3234,#3235),(#3236,#3237),(#3238,#3239)),
 .SURF_OF_LINEAR_EXTRUSION.,.F.,.F.,.F.,(6,2,6),(2,2),(0.,0.5,1.),(0.,1.),
 .UNSPECIFIED.);
#41=B_SPLINE_SURFACE_WITH_KNOTS('',5,1,((#3240,#3241),(#3242,#3243),(#3244,
#3245),(#3246,#3247),(#3248,#3249),(#3250,#3251),(#3252,#3253),(#3254,#3255)),
 .SURF_OF_LINEAR_EXTRUSION.,.F.,.F.,.F.,(6,2,6),(2,2),(0.,0.5,1.),(0.,1.),
 .UNSPECIFIED.);
#42=B_SPLINE_SURFACE_WITH_KNOTS('',5,1,((#3256,#3257),(#3258,#3259),(#3260,
#3261),(#3262,#3263),(#3264,#3265),(#3266,#3267),(#3268,#3269),(#3270,#3271)),
 .SURF_OF_LINEAR_EXTRUSION.,.F.,.F.,.F.,(6,2,6),(2,2),(0.,0.5,1.),(0.,1.),
 .UNSPECIFIED.);
#43=CIRCLE('',#1907,0.008);
#44=CIRCLE('',#1909,0.008);
#45=CIRCLE('',#1917,0.0025);
#46=CIRCLE('',#1919,0.0025);
#47=CIRCLE('',#1921,0.0025);
#48=CIRCLE('',#1923,0.0025);
#49=CIRCLE('',#1926,0.00229957347927864);
#50=CIRCLE('',#1927,0.00230036825901416);
#51=CIRCLE('',#1928,0.00230036825901416);
#52=CIRCLE('',#1929,0.00230036825901416);
#53=CIRCLE('',#1931,0.003);
#54=CIRCLE('',#1932,0.003);
#55=CIRCLE('',#1933,0.003);
#56=CIRCLE('',#1934,0.003);
#57=CIRCLE('',#1937,0.005);
#58=CIRCLE('',#1938,0.005);
#59=CIRCLE('',#1941,0.005);
#60=CIRCLE('',#1942,0.005);
#61=CIRCLE('',#1945,0.005);
#62=CIRCLE('',#1946,0.005);
#63=CIRCLE('',#1949,0.005);
#64=CIRCLE('',#1950,0.005);
#65=CIRCLE('',#1955,0.00229957347927864);
#66=CIRCLE('',#1956,0.00230036825901416);
#67=CIRCLE('',#1957,0.00230036825901416);
#68=CIRCLE('',#1958,0.00230036825901416);
#69=CIRCLE('',#1960,0.003);
#70=CIRCLE('',#1961,0.003);
#71=CIRCLE('',#1962,0.003);
#72=CIRCLE('',#1963,0.003);
#73=CIRCLE('',#1968,0.00860351763962655);
#74=CIRCLE('',#1969,0.00860351763962655);
#75=CIRCLE('',#1972,0.00973784141436141);
#76=CIRCLE('',#1973,0.00973784141436141);
#77=CIRCLE('',#1976,0.00864044093080241);
#78=CIRCLE('',#1977,0.00864044093080241);
#79=CIRCLE('',#1980,0.00857852400025736);
#80=CIRCLE('',#1981,0.00857852400025736);
#81=CIRCLE('',#1984,0.008);
#82=B_SPLINE_CURVE_WITH_KNOTS('',3,(#2478,#2479,#2480,#2481),
 .UNSPECIFIED.,.F.,.F.,(4,4),(0.,1.),.UNSPECIFIED.);
#83=B_SPLINE_CURVE_WITH_KNOTS('',3,(#2485,#2486,#2487,#2488),
 .UNSPECIFIED.,.F.,.F.,(4,4),(0.,1.),.UNSPECIFIED.);
#84=B_SPLINE_CURVE_WITH_KNOTS('',3,(#2490,#2491,#2492,#2493),
 .UNSPECIFIED.,.F.,.F.,(4,4),(0.,0.392269551754064),.UNSPECIFIED.);
#85=B_SPLINE_CURVE_WITH_KNOTS('',3,(#2498,#2499,#2500,#2501),
 .UNSPECIFIED.,.F.,.F.,(4,4),(0.608511698245941,1.),.UNSPECIFIED.);
#86=B_SPLINE_CURVE_WITH_KNOTS('',3,(#2540,#2541,#2542,#2543),
 .UNSPECIFIED.,.F.,.F.,(4,4),(0.,1.),.UNSPECIFIED.);
#87=B_SPLINE_CURVE_WITH_KNOTS('',3,(#2547,#2548,#2549,#2550),
 .UNSPECIFIED.,.F.,.F.,(4,4),(0.,1.),.UNSPECIFIED.);
#88=B_SPLINE_CURVE_WITH_KNOTS('',3,(#2571,#2572,#2573,#2574,#2575,#2576,
#2577),.UNSPECIFIED.,.F.,.F.,(4,1,1,1,4),(0.,0.000808689795859729,0.00161737959171946,
0.00242606938757919,0.00323475918343891),.UNSPECIFIED.);
#89=B_SPLINE_CURVE_WITH_KNOTS('',3,(#2581,#2582,#2583,#2584,#2585,#2586,
#2587),.UNSPECIFIED.,.F.,.F.,(4,1,1,1,4),(0.,0.000808689795859719,0.00161737959171944,
0.00242606938757916,0.00323475918343888),.UNSPECIFIED.);
#90=B_SPLINE_CURVE_WITH_KNOTS('',3,(#2591,#2592,#2593,#2594,#2595,#2596,
#2597),.UNSPECIFIED.,.F.,.F.,(4,1,1,1,4),(0.,0.000808689795859724,0.00161737959171945,
0.00242606938757917,0.00323475918343889),.UNSPECIFIED.);
#91=B_SPLINE_CURVE_WITH_KNOTS('',3,(#2601,#2602,#2603,#2604,#2605,#2606,
#2607),.UNSPECIFIED.,.F.,.F.,(4,1,1,1,4),(0.,0.000808689795859731,0.00161737959171946,
0.00242606938757919,0.00323475918343892),.UNSPECIFIED.);
#92=B_SPLINE_CURVE_WITH_KNOTS('',3,(#2612,#2613,#2614,#2615),
 .UNSPECIFIED.,.F.,.F.,(4,4),(0.,1.),.UNSPECIFIED.);
#93=B_SPLINE_CURVE_WITH_KNOTS('',3,(#2619,#2620,#2621,#2622),
 .UNSPECIFIED.,.F.,.F.,(4,4),(0.,1.),.UNSPECIFIED.);
#94=B_SPLINE_CURVE_WITH_KNOTS('',3,(#2626,#2627,#2628,#2629,#2630,#2631,
#2632),.UNSPECIFIED.,.F.,.F.,(4,1,1,1,4),(0.,0.000808689795859724,0.00161737959171945,
0.00242606938757917,0.00323475918343889),.UNSPECIFIED.);
#95=B_SPLINE_CURVE_WITH_KNOTS('',3,(#2636,#2637,#2638,#2639,#2640,#2641,
#2642),.UNSPECIFIED.,.F.,.F.,(4,1,1,1,4),(0.,0.000808689795859719,0.00161737959171944,
0.00242606938757916,0.00323475918343888),.UNSPECIFIED.);
#96=B_SPLINE_CURVE_WITH_KNOTS('',3,(#2643,#2644,#2645,#2646,#2647,#2648,
#2649),.UNSPECIFIED.,.F.,.F.,(4,1,1,1,4),(0.,0.000808689795859719,0.00161737959171944,
0.00242606938757916,0.00323475918343888),.UNSPECIFIED.);
#97=B_SPLINE_CURVE_WITH_KNOTS('',3,(#2653,#2654,#2655,#2656,#2657,#2658,
#2659),.UNSPECIFIED.,.F.,.F.,(4,1,1,1,4),(0.,0.00080868979585972,0.00161737959171944,
0.00242606938757916,0.00323475918343888),.UNSPECIFIED.);
#98=B_SPLINE_CURVE_WITH_KNOTS('',2,(#2672,#2673,#2674),.UNSPECIFIED.,.F.,
 .F.,(3,3),(0.,1.),.PIECEWISE_BEZIER_KNOTS.);
#99=B_SPLINE_CURVE_WITH_KNOTS('',2,(#2683,#2684,#2685),.UNSPECIFIED.,.F.,
 .F.,(3,3),(0.,1.),.PIECEWISE_BEZIER_KNOTS.);
#100=B_SPLINE_CURVE_WITH_KNOTS('',2,(#2691,#2692,#2693),.UNSPECIFIED.,.F.,
 .F.,(3,3),(0.,1.),.PIECEWISE_BEZIER_KNOTS.);
#101=B_SPLINE_CURVE_WITH_KNOTS('',2,(#2695,#2696,#2697),.UNSPECIFIED.,.F.,
 .F.,(3,3),(0.,1.),.PIECEWISE_BEZIER_KNOTS.);
#102=B_SPLINE_CURVE_WITH_KNOTS('',2,(#2708,#2709,#2710),.UNSPECIFIED.,.F.,
 .F.,(3,3),(0.,1.),.PIECEWISE_BEZIER_KNOTS.);
#103=B_SPLINE_CURVE_WITH_KNOTS('',2,(#2712,#2713,#2714),.UNSPECIFIED.,.F.,
 .F.,(3,3),(0.,1.),.PIECEWISE_BEZIER_KNOTS.);
#104=B_SPLINE_CURVE_WITH_KNOTS('',2,(#2724,#2725,#2726),.UNSPECIFIED.,.F.,
 .F.,(3,3),(0.,1.),.PIECEWISE_BEZIER_KNOTS.);
#105=B_SPLINE_CURVE_WITH_KNOTS('',2,(#2728,#2729,#2730),.UNSPECIFIED.,.F.,
 .F.,(3,3),(0.,1.),.PIECEWISE_BEZIER_KNOTS.);
#106=B_SPLINE_CURVE_WITH_KNOTS('',3,(#2734,#2735,#2736,#2737),
 .UNSPECIFIED.,.F.,.F.,(4,4),(0.,1.),.UNSPECIFIED.);
#107=B_SPLINE_CURVE_WITH_KNOTS('',3,(#2752,#2753,#2754,#2755),
 .UNSPECIFIED.,.F.,.F.,(4,4),(0.,1.),.UNSPECIFIED.);
#108=B_SPLINE_CURVE_WITH_KNOTS('',3,(#2774,#2775,#2776,#2777),
 .UNSPECIFIED.,.F.,.F.,(4,4),(0.,1.),.UNSPECIFIED.);
#109=B_SPLINE_CURVE_WITH_KNOTS('',3,(#2781,#2782,#2783,#2784),
 .UNSPECIFIED.,.F.,.F.,(4,4),(0.,1.),.UNSPECIFIED.);
#110=B_SPLINE_CURVE_WITH_KNOTS('',3,(#2872,#2873,#2874,#2875),
 .UNSPECIFIED.,.F.,.F.,(4,4),(0.,1.),.UNSPECIFIED.);
#111=B_SPLINE_CURVE_WITH_KNOTS('',3,(#2909,#2910,#2911,#2912),
 .UNSPECIFIED.,.F.,.F.,(4,4),(0.,1.),.UNSPECIFIED.);
#112=B_SPLINE_CURVE_WITH_KNOTS('',3,(#2916,#2917,#2918,#2919),
 .UNSPECIFIED.,.F.,.F.,(4,4),(0.,1.),.UNSPECIFIED.);
#113=B_SPLINE_CURVE_WITH_KNOTS('',3,(#2934,#2935,#2936,#2937),
 .UNSPECIFIED.,.F.,.F.,(4,4),(0.,1.),.UNSPECIFIED.);
#114=B_SPLINE_CURVE_WITH_KNOTS('',3,(#2938,#2939,#2940,#2941),
 .UNSPECIFIED.,.F.,.F.,(4,4),(0.,1.),.UNSPECIFIED.);
#115=B_SPLINE_CURVE_WITH_KNOTS('',3,(#2942,#2943,#2944,#2945),
 .UNSPECIFIED.,.F.,.F.,(4,4),(0.,1.),.UNSPECIFIED.);
#116=B_SPLINE_CURVE_WITH_KNOTS('',3,(#2946,#2947,#2948,#2949),
 .UNSPECIFIED.,.F.,.F.,(4,4),(0.,1.),.UNSPECIFIED.);
#117=B_SPLINE_CURVE_WITH_KNOTS('',3,(#2999,#3000,#3001,#3002,#3003,#3004,
#3005),.UNSPECIFIED.,.F.,.F.,(4,1,1,1,4),(0.,0.000808689795859715,0.00161737959171943,
0.00242606938757914,0.00323475918343886),.UNSPECIFIED.);
#118=B_SPLINE_CURVE_WITH_KNOTS('',3,(#3006,#3007,#3008,#3009,#3010,#3011,
#3012),.UNSPECIFIED.,.F.,.F.,(4,1,1,1,4),(0.,0.000808689795859736,0.00161737959171947,
0.00242606938757921,0.00323475918343894),.UNSPECIFIED.);
#119=B_SPLINE_CURVE_WITH_KNOTS('',3,(#3013,#3014,#3015,#3016,#3017,#3018,
#3019),.UNSPECIFIED.,.F.,.F.,(4,1,1,1,4),(0.,0.000808689795859705,0.00161737959171941,
0.00242606938757911,0.00323475918343882),.UNSPECIFIED.);
#120=B_SPLINE_CURVE_WITH_KNOTS('',3,(#3020,#3021,#3022,#3023,#3024,#3025,
#3026),.UNSPECIFIED.,.F.,.F.,(4,1,1,1,4),(0.,0.000808689795859715,0.00161737959171943,
0.00242606938757914,0.00323475918343886),.UNSPECIFIED.);
#121=B_SPLINE_CURVE_WITH_KNOTS('',3,(#3031,#3032,#3033,#3034),
 .UNSPECIFIED.,.F.,.F.,(4,4),(0.,1.),.UNSPECIFIED.);
#122=B_SPLINE_CURVE_WITH_KNOTS('',3,(#3035,#3036,#3037,#3038),
 .UNSPECIFIED.,.F.,.F.,(4,4),(0.,1.),.UNSPECIFIED.);
#123=B_SPLINE_CURVE_WITH_KNOTS('',3,(#3040,#3041,#3042,#3043),
 .UNSPECIFIED.,.F.,.F.,(4,4),(0.,1.),.UNSPECIFIED.);
#124=B_SPLINE_CURVE_WITH_KNOTS('',3,(#3044,#3045,#3046,#3047),
 .UNSPECIFIED.,.F.,.F.,(4,4),(0.,1.),.UNSPECIFIED.);
#125=B_SPLINE_CURVE_WITH_KNOTS('',3,(#3049,#3050,#3051,#3052),
 .UNSPECIFIED.,.F.,.F.,(4,4),(0.,1.),.UNSPECIFIED.);
#126=B_SPLINE_CURVE_WITH_KNOTS('',3,(#3053,#3054,#3055,#3056),
 .UNSPECIFIED.,.F.,.F.,(4,4),(0.,1.),.UNSPECIFIED.);
#127=B_SPLINE_CURVE_WITH_KNOTS('',3,(#3061,#3062,#3063,#3064),
 .UNSPECIFIED.,.F.,.F.,(4,4),(0.554087650775838,1.),.UNSPECIFIED.);
#128=B_SPLINE_CURVE_WITH_KNOTS('',3,(#3065,#3066,#3067,#3068),
 .UNSPECIFIED.,.F.,.F.,(4,4),(0.,0.446693599224104),.UNSPECIFIED.);
#129=B_SPLINE_CURVE_WITH_KNOTS('',3,(#3085,#3086,#3087,#3088),
 .UNSPECIFIED.,.F.,.F.,(4,4),(0.,1.),.UNSPECIFIED.);
#130=B_SPLINE_CURVE_WITH_KNOTS('',3,(#3121,#3122,#3123,#3124),
 .UNSPECIFIED.,.F.,.F.,(4,4),(0.,1.),.UNSPECIFIED.);
#131=B_SPLINE_CURVE_WITH_KNOTS('',3,(#3188,#3189,#3190,#3191),
 .UNSPECIFIED.,.F.,.F.,(4,4),(0.,1.),.UNSPECIFIED.);
#132=B_SPLINE_CURVE_WITH_KNOTS('',3,(#3201,#3202,#3203,#3204),
 .UNSPECIFIED.,.F.,.F.,(4,4),(0.,1.),.UNSPECIFIED.);
#133=ORIENTED_EDGE('',*,*,#675,.F.);
#134=ORIENTED_EDGE('',*,*,#676,.T.);
#135=ORIENTED_EDGE('',*,*,#677,.T.);
#136=ORIENTED_EDGE('',*,*,#678,.F.);
#137=ORIENTED_EDGE('',*,*,#679,.F.);
#138=ORIENTED_EDGE('',*,*,#680,.T.);
#139=ORIENTED_EDGE('',*,*,#681,.F.);
#140=ORIENTED_EDGE('',*,*,#682,.T.);
#141=ORIENTED_EDGE('',*,*,#683,.T.);
#142=ORIENTED_EDGE('',*,*,#684,.T.);
#143=ORIENTED_EDGE('',*,*,#685,.T.);
#144=ORIENTED_EDGE('',*,*,#686,.F.);
#145=ORIENTED_EDGE('',*,*,#687,.F.);
#146=ORIENTED_EDGE('',*,*,#688,.F.);
#147=ORIENTED_EDGE('',*,*,#689,.T.);
#148=ORIENTED_EDGE('',*,*,#690,.T.);
#149=ORIENTED_EDGE('',*,*,#691,.F.);
#150=ORIENTED_EDGE('',*,*,#692,.F.);
#151=ORIENTED_EDGE('',*,*,#693,.F.);
#152=ORIENTED_EDGE('',*,*,#694,.F.);
#153=ORIENTED_EDGE('',*,*,#695,.F.);
#154=ORIENTED_EDGE('',*,*,#696,.T.);
#155=ORIENTED_EDGE('',*,*,#697,.T.);
#156=ORIENTED_EDGE('',*,*,#698,.F.);
#157=ORIENTED_EDGE('',*,*,#688,.T.);
#158=ORIENTED_EDGE('',*,*,#699,.T.);
#159=ORIENTED_EDGE('',*,*,#698,.T.);
#160=ORIENTED_EDGE('',*,*,#700,.F.);
#161=ORIENTED_EDGE('',*,*,#701,.F.);
#162=ORIENTED_EDGE('',*,*,#690,.F.);
#163=ORIENTED_EDGE('',*,*,#702,.T.);
#164=ORIENTED_EDGE('',*,*,#696,.F.);
#165=ORIENTED_EDGE('',*,*,#703,.T.);
#166=ORIENTED_EDGE('',*,*,#704,.T.);
#167=ORIENTED_EDGE('',*,*,#705,.F.);
#168=ORIENTED_EDGE('',*,*,#706,.T.);
#169=ORIENTED_EDGE('',*,*,#707,.T.);
#170=ORIENTED_EDGE('',*,*,#708,.F.);
#171=ORIENTED_EDGE('',*,*,#709,.T.);
#172=ORIENTED_EDGE('',*,*,#710,.T.);
#173=ORIENTED_EDGE('',*,*,#711,.F.);
#174=ORIENTED_EDGE('',*,*,#712,.T.);
#175=ORIENTED_EDGE('',*,*,#713,.T.);
#176=ORIENTED_EDGE('',*,*,#714,.F.);
#177=ORIENTED_EDGE('',*,*,#715,.F.);
#178=ORIENTED_EDGE('',*,*,#716,.T.);
#179=ORIENTED_EDGE('',*,*,#717,.T.);
#180=ORIENTED_EDGE('',*,*,#718,.T.);
#181=ORIENTED_EDGE('',*,*,#719,.T.);
#182=ORIENTED_EDGE('',*,*,#720,.T.);
#183=ORIENTED_EDGE('',*,*,#721,.F.);
#184=ORIENTED_EDGE('',*,*,#722,.T.);
#185=ORIENTED_EDGE('',*,*,#723,.T.);
#186=ORIENTED_EDGE('',*,*,#724,.T.);
#187=ORIENTED_EDGE('',*,*,#725,.T.);
#188=ORIENTED_EDGE('',*,*,#726,.T.);
#189=ORIENTED_EDGE('',*,*,#727,.F.);
#190=ORIENTED_EDGE('',*,*,#728,.T.);
#191=ORIENTED_EDGE('',*,*,#729,.T.);
#192=ORIENTED_EDGE('',*,*,#730,.T.);
#193=ORIENTED_EDGE('',*,*,#686,.T.);
#194=ORIENTED_EDGE('',*,*,#731,.T.);
#195=ORIENTED_EDGE('',*,*,#732,.F.);
#196=ORIENTED_EDGE('',*,*,#733,.T.);
#197=ORIENTED_EDGE('',*,*,#734,.T.);
#198=ORIENTED_EDGE('',*,*,#735,.T.);
#199=ORIENTED_EDGE('',*,*,#736,.F.);
#200=ORIENTED_EDGE('',*,*,#737,.T.);
#201=ORIENTED_EDGE('',*,*,#738,.F.);
#202=ORIENTED_EDGE('',*,*,#739,.F.);
#203=ORIENTED_EDGE('',*,*,#740,.T.);
#204=ORIENTED_EDGE('',*,*,#741,.F.);
#205=ORIENTED_EDGE('',*,*,#742,.T.);
#206=ORIENTED_EDGE('',*,*,#743,.F.);
#207=ORIENTED_EDGE('',*,*,#744,.T.);
#208=ORIENTED_EDGE('',*,*,#745,.F.);
#209=ORIENTED_EDGE('',*,*,#746,.T.);
#210=ORIENTED_EDGE('',*,*,#747,.T.);
#211=ORIENTED_EDGE('',*,*,#748,.F.);
#212=ORIENTED_EDGE('',*,*,#736,.T.);
#213=ORIENTED_EDGE('',*,*,#749,.T.);
#214=ORIENTED_EDGE('',*,*,#750,.T.);
#215=ORIENTED_EDGE('',*,*,#751,.T.);
#216=ORIENTED_EDGE('',*,*,#752,.T.);
#217=ORIENTED_EDGE('',*,*,#753,.T.);
#218=ORIENTED_EDGE('',*,*,#754,.T.);
#219=ORIENTED_EDGE('',*,*,#755,.F.);
#220=ORIENTED_EDGE('',*,*,#756,.F.);
#221=ORIENTED_EDGE('',*,*,#734,.F.);
#222=ORIENTED_EDGE('',*,*,#757,.F.);
#223=ORIENTED_EDGE('',*,*,#758,.F.);
#224=ORIENTED_EDGE('',*,*,#759,.F.);
#225=ORIENTED_EDGE('',*,*,#760,.T.);
#226=ORIENTED_EDGE('',*,*,#761,.T.);
#227=ORIENTED_EDGE('',*,*,#762,.T.);
#228=ORIENTED_EDGE('',*,*,#750,.F.);
#229=ORIENTED_EDGE('',*,*,#763,.F.);
#230=ORIENTED_EDGE('',*,*,#764,.F.);
#231=ORIENTED_EDGE('',*,*,#765,.F.);
#232=ORIENTED_EDGE('',*,*,#766,.F.);
#233=ORIENTED_EDGE('',*,*,#677,.F.);
#234=ORIENTED_EDGE('',*,*,#767,.F.);
#235=ORIENTED_EDGE('',*,*,#768,.T.);
#236=ORIENTED_EDGE('',*,*,#769,.T.);
#237=ORIENTED_EDGE('',*,*,#770,.T.);
#238=ORIENTED_EDGE('',*,*,#741,.T.);
#239=ORIENTED_EDGE('',*,*,#771,.F.);
#240=ORIENTED_EDGE('',*,*,#772,.F.);
#241=ORIENTED_EDGE('',*,*,#773,.F.);
#242=ORIENTED_EDGE('',*,*,#774,.F.);
#243=ORIENTED_EDGE('',*,*,#775,.F.);
#244=ORIENTED_EDGE('',*,*,#776,.F.);
#245=ORIENTED_EDGE('',*,*,#777,.T.);
#246=ORIENTED_EDGE('',*,*,#778,.T.);
#247=ORIENTED_EDGE('',*,*,#779,.T.);
#248=ORIENTED_EDGE('',*,*,#780,.T.);
#249=ORIENTED_EDGE('',*,*,#746,.F.);
#250=ORIENTED_EDGE('',*,*,#781,.T.);
#251=ORIENTED_EDGE('',*,*,#739,.T.);
#252=ORIENTED_EDGE('',*,*,#782,.T.);
#253=ORIENTED_EDGE('',*,*,#752,.F.);
#254=ORIENTED_EDGE('',*,*,#783,.T.);
#255=ORIENTED_EDGE('',*,*,#759,.T.);
#256=ORIENTED_EDGE('',*,*,#784,.F.);
#257=ORIENTED_EDGE('',*,*,#743,.T.);
#258=ORIENTED_EDGE('',*,*,#785,.T.);
#259=ORIENTED_EDGE('',*,*,#747,.F.);
#260=ORIENTED_EDGE('',*,*,#782,.F.);
#261=ORIENTED_EDGE('',*,*,#758,.T.);
#262=ORIENTED_EDGE('',*,*,#786,.T.);
#263=ORIENTED_EDGE('',*,*,#753,.F.);
#264=ORIENTED_EDGE('',*,*,#784,.T.);
#265=ORIENTED_EDGE('',*,*,#787,.T.);
#266=ORIENTED_EDGE('',*,*,#788,.F.);
#267=ORIENTED_EDGE('',*,*,#789,.F.);
#268=ORIENTED_EDGE('',*,*,#790,.F.);
#269=ORIENTED_EDGE('',*,*,#791,.T.);
#270=ORIENTED_EDGE('',*,*,#792,.F.);
#271=ORIENTED_EDGE('',*,*,#793,.T.);
#272=ORIENTED_EDGE('',*,*,#789,.T.);
#273=ORIENTED_EDGE('',*,*,#792,.T.);
#274=ORIENTED_EDGE('',*,*,#794,.F.);
#275=ORIENTED_EDGE('',*,*,#795,.F.);
#276=ORIENTED_EDGE('',*,*,#796,.F.);
#277=ORIENTED_EDGE('',*,*,#797,.T.);
#278=ORIENTED_EDGE('',*,*,#798,.F.);
#279=ORIENTED_EDGE('',*,*,#799,.T.);
#280=ORIENTED_EDGE('',*,*,#795,.T.);
#281=ORIENTED_EDGE('',*,*,#798,.T.);
#282=ORIENTED_EDGE('',*,*,#800,.F.);
#283=ORIENTED_EDGE('',*,*,#801,.F.);
#284=ORIENTED_EDGE('',*,*,#802,.F.);
#285=ORIENTED_EDGE('',*,*,#803,.T.);
#286=ORIENTED_EDGE('',*,*,#804,.F.);
#287=ORIENTED_EDGE('',*,*,#805,.T.);
#288=ORIENTED_EDGE('',*,*,#801,.T.);
#289=ORIENTED_EDGE('',*,*,#804,.T.);
#290=ORIENTED_EDGE('',*,*,#806,.F.);
#291=ORIENTED_EDGE('',*,*,#807,.F.);
#292=ORIENTED_EDGE('',*,*,#808,.F.);
#293=ORIENTED_EDGE('',*,*,#809,.T.);
#294=ORIENTED_EDGE('',*,*,#787,.F.);
#295=ORIENTED_EDGE('',*,*,#810,.T.);
#296=ORIENTED_EDGE('',*,*,#807,.T.);
#297=ORIENTED_EDGE('',*,*,#681,.T.);
#298=ORIENTED_EDGE('',*,*,#811,.T.);
#299=ORIENTED_EDGE('',*,*,#812,.T.);
#300=ORIENTED_EDGE('',*,*,#712,.F.);
#301=ORIENTED_EDGE('',*,*,#813,.F.);
#302=ORIENTED_EDGE('',*,*,#810,.F.);
#303=ORIENTED_EDGE('',*,*,#790,.T.);
#304=ORIENTED_EDGE('',*,*,#793,.F.);
#305=ORIENTED_EDGE('',*,*,#796,.T.);
#306=ORIENTED_EDGE('',*,*,#799,.F.);
#307=ORIENTED_EDGE('',*,*,#802,.T.);
#308=ORIENTED_EDGE('',*,*,#805,.F.);
#309=ORIENTED_EDGE('',*,*,#808,.T.);
#310=ORIENTED_EDGE('',*,*,#738,.T.);
#311=ORIENTED_EDGE('',*,*,#744,.F.);
#312=ORIENTED_EDGE('',*,*,#749,.F.);
#313=ORIENTED_EDGE('',*,*,#755,.T.);
#314=ORIENTED_EDGE('',*,*,#814,.T.);
#315=ORIENTED_EDGE('',*,*,#815,.T.);
#316=ORIENTED_EDGE('',*,*,#816,.T.);
#317=ORIENTED_EDGE('',*,*,#817,.T.);
#318=ORIENTED_EDGE('',*,*,#818,.T.);
#319=ORIENTED_EDGE('',*,*,#819,.T.);
#320=ORIENTED_EDGE('',*,*,#711,.T.);
#321=ORIENTED_EDGE('',*,*,#820,.F.);
#322=ORIENTED_EDGE('',*,*,#821,.F.);
#323=ORIENTED_EDGE('',*,*,#813,.T.);
#324=ORIENTED_EDGE('',*,*,#822,.F.);
#325=ORIENTED_EDGE('',*,*,#823,.F.);
#326=ORIENTED_EDGE('',*,*,#824,.F.);
#327=ORIENTED_EDGE('',*,*,#825,.F.);
#328=ORIENTED_EDGE('',*,*,#826,.F.);
#329=ORIENTED_EDGE('',*,*,#827,.F.);
#330=ORIENTED_EDGE('',*,*,#812,.F.);
#331=ORIENTED_EDGE('',*,*,#828,.T.);
#332=ORIENTED_EDGE('',*,*,#829,.T.);
#333=ORIENTED_EDGE('',*,*,#713,.F.);
#334=ORIENTED_EDGE('',*,*,#829,.F.);
#335=ORIENTED_EDGE('',*,*,#830,.T.);
#336=ORIENTED_EDGE('',*,*,#703,.F.);
#337=ORIENTED_EDGE('',*,*,#831,.T.);
#338=ORIENTED_EDGE('',*,*,#832,.T.);
#339=ORIENTED_EDGE('',*,*,#833,.T.);
#340=ORIENTED_EDGE('',*,*,#834,.T.);
#341=ORIENTED_EDGE('',*,*,#835,.T.);
#342=ORIENTED_EDGE('',*,*,#836,.T.);
#343=ORIENTED_EDGE('',*,*,#837,.F.);
#344=ORIENTED_EDGE('',*,*,#707,.F.);
#345=ORIENTED_EDGE('',*,*,#820,.T.);
#346=ORIENTED_EDGE('',*,*,#714,.T.);
#347=ORIENTED_EDGE('',*,*,#770,.F.);
#348=ORIENTED_EDGE('',*,*,#838,.T.);
#349=ORIENTED_EDGE('',*,*,#723,.F.);
#350=ORIENTED_EDGE('',*,*,#839,.T.);
#351=ORIENTED_EDGE('',*,*,#777,.F.);
#352=ORIENTED_EDGE('',*,*,#840,.T.);
#353=ORIENTED_EDGE('',*,*,#679,.T.);
#354=ORIENTED_EDGE('',*,*,#841,.T.);
#355=ORIENTED_EDGE('',*,*,#760,.F.);
#356=ORIENTED_EDGE('',*,*,#754,.F.);
#357=ORIENTED_EDGE('',*,*,#786,.F.);
#358=ORIENTED_EDGE('',*,*,#757,.T.);
#359=ORIENTED_EDGE('',*,*,#737,.F.);
#360=ORIENTED_EDGE('',*,*,#748,.T.);
#361=ORIENTED_EDGE('',*,*,#785,.F.);
#362=ORIENTED_EDGE('',*,*,#742,.F.);
#363=ORIENTED_EDGE('',*,*,#791,.F.);
#364=ORIENTED_EDGE('',*,*,#788,.T.);
#365=ORIENTED_EDGE('',*,*,#809,.F.);
#366=ORIENTED_EDGE('',*,*,#806,.T.);
#367=ORIENTED_EDGE('',*,*,#803,.F.);
#368=ORIENTED_EDGE('',*,*,#800,.T.);
#369=ORIENTED_EDGE('',*,*,#797,.F.);
#370=ORIENTED_EDGE('',*,*,#794,.T.);
#371=ORIENTED_EDGE('',*,*,#842,.T.);
#372=ORIENTED_EDGE('',*,*,#843,.F.);
#373=ORIENTED_EDGE('',*,*,#844,.F.);
#374=ORIENTED_EDGE('',*,*,#845,.T.);
#375=ORIENTED_EDGE('',*,*,#846,.F.);
#376=ORIENTED_EDGE('',*,*,#845,.F.);
#377=ORIENTED_EDGE('',*,*,#847,.T.);
#378=ORIENTED_EDGE('',*,*,#848,.T.);
#379=ORIENTED_EDGE('',*,*,#849,.F.);
#380=ORIENTED_EDGE('',*,*,#848,.F.);
#381=ORIENTED_EDGE('',*,*,#850,.T.);
#382=ORIENTED_EDGE('',*,*,#851,.T.);
#383=ORIENTED_EDGE('',*,*,#852,.F.);
#384=ORIENTED_EDGE('',*,*,#851,.F.);
#385=ORIENTED_EDGE('',*,*,#853,.T.);
#386=ORIENTED_EDGE('',*,*,#854,.T.);
#387=ORIENTED_EDGE('',*,*,#855,.F.);
#388=ORIENTED_EDGE('',*,*,#854,.F.);
#389=ORIENTED_EDGE('',*,*,#856,.T.);
#390=ORIENTED_EDGE('',*,*,#857,.T.);
#391=ORIENTED_EDGE('',*,*,#858,.F.);
#392=ORIENTED_EDGE('',*,*,#857,.F.);
#393=ORIENTED_EDGE('',*,*,#859,.T.);
#394=ORIENTED_EDGE('',*,*,#860,.T.);
#395=ORIENTED_EDGE('',*,*,#861,.T.);
#396=ORIENTED_EDGE('',*,*,#860,.F.);
#397=ORIENTED_EDGE('',*,*,#862,.F.);
#398=ORIENTED_EDGE('',*,*,#863,.T.);
#399=ORIENTED_EDGE('',*,*,#864,.F.);
#400=ORIENTED_EDGE('',*,*,#863,.F.);
#401=ORIENTED_EDGE('',*,*,#865,.T.);
#402=ORIENTED_EDGE('',*,*,#843,.T.);
#403=ORIENTED_EDGE('',*,*,#740,.F.);
#404=ORIENTED_EDGE('',*,*,#781,.F.);
#405=ORIENTED_EDGE('',*,*,#745,.T.);
#406=ORIENTED_EDGE('',*,*,#735,.F.);
#407=ORIENTED_EDGE('',*,*,#756,.T.);
#408=ORIENTED_EDGE('',*,*,#783,.F.);
#409=ORIENTED_EDGE('',*,*,#751,.F.);
#410=ORIENTED_EDGE('',*,*,#762,.F.);
#411=ORIENTED_EDGE('',*,*,#866,.T.);
#412=ORIENTED_EDGE('',*,*,#705,.T.);
#413=ORIENTED_EDGE('',*,*,#867,.T.);
#414=ORIENTED_EDGE('',*,*,#779,.F.);
#415=ORIENTED_EDGE('',*,*,#868,.T.);
#416=ORIENTED_EDGE('',*,*,#725,.F.);
#417=ORIENTED_EDGE('',*,*,#869,.T.);
#418=ORIENTED_EDGE('',*,*,#768,.F.);
#419=ORIENTED_EDGE('',*,*,#844,.T.);
#420=ORIENTED_EDGE('',*,*,#865,.F.);
#421=ORIENTED_EDGE('',*,*,#862,.T.);
#422=ORIENTED_EDGE('',*,*,#859,.F.);
#423=ORIENTED_EDGE('',*,*,#856,.F.);
#424=ORIENTED_EDGE('',*,*,#853,.F.);
#425=ORIENTED_EDGE('',*,*,#850,.F.);
#426=ORIENTED_EDGE('',*,*,#847,.F.);
#427=ORIENTED_EDGE('',*,*,#870,.F.);
#428=ORIENTED_EDGE('',*,*,#842,.F.);
#429=ORIENTED_EDGE('',*,*,#846,.T.);
#430=ORIENTED_EDGE('',*,*,#849,.T.);
#431=ORIENTED_EDGE('',*,*,#852,.T.);
#432=ORIENTED_EDGE('',*,*,#855,.T.);
#433=ORIENTED_EDGE('',*,*,#858,.T.);
#434=ORIENTED_EDGE('',*,*,#861,.F.);
#435=ORIENTED_EDGE('',*,*,#864,.T.);
#436=ORIENTED_EDGE('',*,*,#715,.T.);
#437=ORIENTED_EDGE('',*,*,#871,.T.);
#438=ORIENTED_EDGE('',*,*,#729,.F.);
#439=ORIENTED_EDGE('',*,*,#872,.T.);
#440=ORIENTED_EDGE('',*,*,#727,.T.);
#441=ORIENTED_EDGE('',*,*,#873,.T.);
#442=ORIENTED_EDGE('',*,*,#717,.F.);
#443=ORIENTED_EDGE('',*,*,#874,.T.);
#444=ORIENTED_EDGE('',*,*,#732,.T.);
#445=ORIENTED_EDGE('',*,*,#875,.T.);
#446=ORIENTED_EDGE('',*,*,#719,.F.);
#447=ORIENTED_EDGE('',*,*,#876,.T.);
#448=ORIENTED_EDGE('',*,*,#877,.F.);
#449=ORIENTED_EDGE('',*,*,#878,.T.);
#450=ORIENTED_EDGE('',*,*,#721,.T.);
#451=ORIENTED_EDGE('',*,*,#879,.T.);
#452=ORIENTED_EDGE('',*,*,#720,.F.);
#453=ORIENTED_EDGE('',*,*,#875,.F.);
#454=ORIENTED_EDGE('',*,*,#731,.F.);
#455=ORIENTED_EDGE('',*,*,#685,.F.);
#456=ORIENTED_EDGE('',*,*,#880,.F.);
#457=ORIENTED_EDGE('',*,*,#879,.F.);
#458=ORIENTED_EDGE('',*,*,#718,.F.);
#459=ORIENTED_EDGE('',*,*,#873,.F.);
#460=ORIENTED_EDGE('',*,*,#733,.F.);
#461=ORIENTED_EDGE('',*,*,#876,.F.);
#462=ORIENTED_EDGE('',*,*,#722,.F.);
#463=ORIENTED_EDGE('',*,*,#878,.F.);
#464=ORIENTED_EDGE('',*,*,#881,.F.);
#465=ORIENTED_EDGE('',*,*,#683,.F.);
#466=ORIENTED_EDGE('',*,*,#730,.F.);
#467=ORIENTED_EDGE('',*,*,#871,.F.);
#468=ORIENTED_EDGE('',*,*,#716,.F.);
#469=ORIENTED_EDGE('',*,*,#872,.F.);
#470=ORIENTED_EDGE('',*,*,#728,.F.);
#471=ORIENTED_EDGE('',*,*,#874,.F.);
#472=ORIENTED_EDGE('',*,*,#689,.F.);
#473=ORIENTED_EDGE('',*,*,#700,.T.);
#474=ORIENTED_EDGE('',*,*,#697,.F.);
#475=ORIENTED_EDGE('',*,*,#702,.F.);
#476=ORIENTED_EDGE('',*,*,#870,.T.);
#477=ORIENTED_EDGE('',*,*,#882,.F.);
#478=ORIENTED_EDGE('',*,*,#883,.T.);
#479=ORIENTED_EDGE('',*,*,#708,.T.);
#480=ORIENTED_EDGE('',*,*,#837,.T.);
#481=ORIENTED_EDGE('',*,*,#884,.F.);
#482=ORIENTED_EDGE('',*,*,#885,.T.);
#483=ORIENTED_EDGE('',*,*,#831,.F.);
#484=ORIENTED_EDGE('',*,*,#710,.F.);
#485=ORIENTED_EDGE('',*,*,#883,.F.);
#486=ORIENTED_EDGE('',*,*,#886,.T.);
#487=ORIENTED_EDGE('',*,*,#884,.T.);
#488=ORIENTED_EDGE('',*,*,#709,.F.);
#489=ORIENTED_EDGE('',*,*,#887,.T.);
#490=ORIENTED_EDGE('',*,*,#692,.T.);
#491=ORIENTED_EDGE('',*,*,#888,.F.);
#492=ORIENTED_EDGE('',*,*,#889,.F.);
#493=ORIENTED_EDGE('',*,*,#890,.T.);
#494=ORIENTED_EDGE('',*,*,#694,.T.);
#495=ORIENTED_EDGE('',*,*,#891,.F.);
#496=ORIENTED_EDGE('',*,*,#892,.F.);
#497=ORIENTED_EDGE('',*,*,#835,.F.);
#498=ORIENTED_EDGE('',*,*,#893,.F.);
#499=ORIENTED_EDGE('',*,*,#894,.T.);
#500=ORIENTED_EDGE('',*,*,#895,.T.);
#501=ORIENTED_EDGE('',*,*,#834,.F.);
#502=ORIENTED_EDGE('',*,*,#896,.F.);
#503=ORIENTED_EDGE('',*,*,#897,.T.);
#504=ORIENTED_EDGE('',*,*,#893,.T.);
#505=ORIENTED_EDGE('',*,*,#833,.F.);
#506=ORIENTED_EDGE('',*,*,#898,.F.);
#507=ORIENTED_EDGE('',*,*,#899,.T.);
#508=ORIENTED_EDGE('',*,*,#896,.T.);
#509=ORIENTED_EDGE('',*,*,#891,.T.);
#510=ORIENTED_EDGE('',*,*,#693,.T.);
#511=ORIENTED_EDGE('',*,*,#887,.F.);
#512=ORIENTED_EDGE('',*,*,#900,.F.);
#513=ORIENTED_EDGE('',*,*,#888,.T.);
#514=ORIENTED_EDGE('',*,*,#691,.T.);
#515=ORIENTED_EDGE('',*,*,#699,.F.);
#516=ORIENTED_EDGE('',*,*,#687,.T.);
#517=ORIENTED_EDGE('',*,*,#701,.T.);
#518=ORIENTED_EDGE('',*,*,#695,.T.);
#519=ORIENTED_EDGE('',*,*,#890,.F.);
#520=ORIENTED_EDGE('',*,*,#901,.F.);
#521=ORIENTED_EDGE('',*,*,#836,.F.);
#522=ORIENTED_EDGE('',*,*,#895,.F.);
#523=ORIENTED_EDGE('',*,*,#902,.T.);
#524=ORIENTED_EDGE('',*,*,#898,.T.);
#525=ORIENTED_EDGE('',*,*,#832,.F.);
#526=ORIENTED_EDGE('',*,*,#885,.F.);
#527=ORIENTED_EDGE('',*,*,#886,.F.);
#528=ORIENTED_EDGE('',*,*,#882,.T.);
#529=ORIENTED_EDGE('',*,*,#902,.F.);
#530=ORIENTED_EDGE('',*,*,#894,.F.);
#531=ORIENTED_EDGE('',*,*,#897,.F.);
#532=ORIENTED_EDGE('',*,*,#899,.F.);
#533=ORIENTED_EDGE('',*,*,#889,.T.);
#534=ORIENTED_EDGE('',*,*,#901,.T.);
#535=ORIENTED_EDGE('',*,*,#892,.T.);
#536=ORIENTED_EDGE('',*,*,#900,.T.);
#537=ORIENTED_EDGE('',*,*,#881,.T.);
#538=ORIENTED_EDGE('',*,*,#903,.F.);
#539=ORIENTED_EDGE('',*,*,#904,.F.);
#540=ORIENTED_EDGE('',*,*,#905,.T.);
#541=ORIENTED_EDGE('',*,*,#877,.T.);
#542=ORIENTED_EDGE('',*,*,#906,.F.);
#543=ORIENTED_EDGE('',*,*,#907,.F.);
#544=ORIENTED_EDGE('',*,*,#903,.T.);
#545=ORIENTED_EDGE('',*,*,#880,.T.);
#546=ORIENTED_EDGE('',*,*,#908,.F.);
#547=ORIENTED_EDGE('',*,*,#909,.F.);
#548=ORIENTED_EDGE('',*,*,#906,.T.);
#549=ORIENTED_EDGE('',*,*,#684,.F.);
#550=ORIENTED_EDGE('',*,*,#905,.F.);
#551=ORIENTED_EDGE('',*,*,#910,.T.);
#552=ORIENTED_EDGE('',*,*,#908,.T.);
#553=ORIENTED_EDGE('',*,*,#904,.T.);
#554=ORIENTED_EDGE('',*,*,#907,.T.);
#555=ORIENTED_EDGE('',*,*,#909,.T.);
#556=ORIENTED_EDGE('',*,*,#910,.F.);
#557=ORIENTED_EDGE('',*,*,#838,.F.);
#558=ORIENTED_EDGE('',*,*,#769,.F.);
#559=ORIENTED_EDGE('',*,*,#869,.F.);
#560=ORIENTED_EDGE('',*,*,#724,.F.);
#561=ORIENTED_EDGE('',*,*,#868,.F.);
#562=ORIENTED_EDGE('',*,*,#778,.F.);
#563=ORIENTED_EDGE('',*,*,#839,.F.);
#564=ORIENTED_EDGE('',*,*,#726,.F.);
#565=ORIENTED_EDGE('',*,*,#811,.F.);
#566=ORIENTED_EDGE('',*,*,#680,.F.);
#567=ORIENTED_EDGE('',*,*,#840,.F.);
#568=ORIENTED_EDGE('',*,*,#780,.F.);
#569=ORIENTED_EDGE('',*,*,#867,.F.);
#570=ORIENTED_EDGE('',*,*,#704,.F.);
#571=ORIENTED_EDGE('',*,*,#830,.F.);
#572=ORIENTED_EDGE('',*,*,#828,.F.);
#573=ORIENTED_EDGE('',*,*,#821,.T.);
#574=ORIENTED_EDGE('',*,*,#706,.F.);
#575=ORIENTED_EDGE('',*,*,#866,.F.);
#576=ORIENTED_EDGE('',*,*,#761,.F.);
#577=ORIENTED_EDGE('',*,*,#841,.F.);
#578=ORIENTED_EDGE('',*,*,#682,.F.);
#579=ORIENTED_EDGE('',*,*,#822,.T.);
#580=ORIENTED_EDGE('',*,*,#911,.T.);
#581=ORIENTED_EDGE('',*,*,#771,.T.);
#582=ORIENTED_EDGE('',*,*,#912,.F.);
#583=ORIENTED_EDGE('',*,*,#823,.T.);
#584=ORIENTED_EDGE('',*,*,#912,.T.);
#585=ORIENTED_EDGE('',*,*,#776,.T.);
#586=ORIENTED_EDGE('',*,*,#913,.F.);
#587=ORIENTED_EDGE('',*,*,#824,.T.);
#588=ORIENTED_EDGE('',*,*,#913,.T.);
#589=ORIENTED_EDGE('',*,*,#775,.T.);
#590=ORIENTED_EDGE('',*,*,#914,.F.);
#591=ORIENTED_EDGE('',*,*,#825,.T.);
#592=ORIENTED_EDGE('',*,*,#914,.T.);
#593=ORIENTED_EDGE('',*,*,#774,.T.);
#594=ORIENTED_EDGE('',*,*,#915,.F.);
#595=ORIENTED_EDGE('',*,*,#826,.T.);
#596=ORIENTED_EDGE('',*,*,#915,.T.);
#597=ORIENTED_EDGE('',*,*,#773,.T.);
#598=ORIENTED_EDGE('',*,*,#916,.F.);
#599=ORIENTED_EDGE('',*,*,#917,.F.);
#600=ORIENTED_EDGE('',*,*,#918,.T.);
#601=ORIENTED_EDGE('',*,*,#919,.T.);
#602=ORIENTED_EDGE('',*,*,#920,.F.);
#603=ORIENTED_EDGE('',*,*,#827,.T.);
#604=ORIENTED_EDGE('',*,*,#916,.T.);
#605=ORIENTED_EDGE('',*,*,#772,.T.);
#606=ORIENTED_EDGE('',*,*,#911,.F.);
#607=ORIENTED_EDGE('',*,*,#763,.T.);
#608=ORIENTED_EDGE('',*,*,#921,.F.);
#609=ORIENTED_EDGE('',*,*,#815,.F.);
#610=ORIENTED_EDGE('',*,*,#922,.T.);
#611=ORIENTED_EDGE('',*,*,#767,.T.);
#612=ORIENTED_EDGE('',*,*,#676,.F.);
#613=ORIENTED_EDGE('',*,*,#923,.F.);
#614=ORIENTED_EDGE('',*,*,#924,.F.);
#615=ORIENTED_EDGE('',*,*,#816,.F.);
#616=ORIENTED_EDGE('',*,*,#921,.T.);
#617=ORIENTED_EDGE('',*,*,#924,.T.);
#618=ORIENTED_EDGE('',*,*,#925,.T.);
#619=ORIENTED_EDGE('',*,*,#926,.F.);
#620=ORIENTED_EDGE('',*,*,#817,.F.);
#621=ORIENTED_EDGE('',*,*,#766,.T.);
#622=ORIENTED_EDGE('',*,*,#927,.F.);
#623=ORIENTED_EDGE('',*,*,#818,.F.);
#624=ORIENTED_EDGE('',*,*,#926,.T.);
#625=ORIENTED_EDGE('',*,*,#928,.T.);
#626=ORIENTED_EDGE('',*,*,#678,.T.);
#627=ORIENTED_EDGE('',*,*,#765,.T.);
#628=ORIENTED_EDGE('',*,*,#929,.F.);
#629=ORIENTED_EDGE('',*,*,#819,.F.);
#630=ORIENTED_EDGE('',*,*,#927,.T.);
#631=ORIENTED_EDGE('',*,*,#764,.T.);
#632=ORIENTED_EDGE('',*,*,#922,.F.);
#633=ORIENTED_EDGE('',*,*,#814,.F.);
#634=ORIENTED_EDGE('',*,*,#929,.T.);
#635=ORIENTED_EDGE('',*,*,#918,.F.);
#636=ORIENTED_EDGE('',*,*,#930,.F.);
#637=ORIENTED_EDGE('',*,*,#931,.T.);
#638=ORIENTED_EDGE('',*,*,#932,.T.);
#639=ORIENTED_EDGE('',*,*,#917,.T.);
#640=ORIENTED_EDGE('',*,*,#933,.F.);
#641=ORIENTED_EDGE('',*,*,#934,.F.);
#642=ORIENTED_EDGE('',*,*,#930,.T.);
#643=ORIENTED_EDGE('',*,*,#920,.T.);
#644=ORIENTED_EDGE('',*,*,#935,.F.);
#645=ORIENTED_EDGE('',*,*,#936,.F.);
#646=ORIENTED_EDGE('',*,*,#933,.T.);
#647=ORIENTED_EDGE('',*,*,#919,.F.);
#648=ORIENTED_EDGE('',*,*,#932,.F.);
#649=ORIENTED_EDGE('',*,*,#937,.T.);
#650=ORIENTED_EDGE('',*,*,#935,.T.);
#651=ORIENTED_EDGE('',*,*,#931,.F.);
#652=ORIENTED_EDGE('',*,*,#934,.T.);
#653=ORIENTED_EDGE('',*,*,#936,.T.);
#654=ORIENTED_EDGE('',*,*,#937,.F.);
#655=ORIENTED_EDGE('',*,*,#925,.F.);
#656=ORIENTED_EDGE('',*,*,#938,.F.);
#657=ORIENTED_EDGE('',*,*,#939,.T.);
#658=ORIENTED_EDGE('',*,*,#940,.T.);
#659=ORIENTED_EDGE('',*,*,#923,.T.);
#660=ORIENTED_EDGE('',*,*,#941,.F.);
#661=ORIENTED_EDGE('',*,*,#942,.F.);
#662=ORIENTED_EDGE('',*,*,#938,.T.);
#663=ORIENTED_EDGE('',*,*,#675,.T.);
#664=ORIENTED_EDGE('',*,*,#943,.F.);
#665=ORIENTED_EDGE('',*,*,#944,.F.);
#666=ORIENTED_EDGE('',*,*,#941,.T.);
#667=ORIENTED_EDGE('',*,*,#928,.F.);
#668=ORIENTED_EDGE('',*,*,#940,.F.);
#669=ORIENTED_EDGE('',*,*,#945,.T.);
#670=ORIENTED_EDGE('',*,*,#943,.T.);
#671=ORIENTED_EDGE('',*,*,#939,.F.);
#672=ORIENTED_EDGE('',*,*,#942,.T.);
#673=ORIENTED_EDGE('',*,*,#944,.T.);
#674=ORIENTED_EDGE('',*,*,#945,.F.);
#675=EDGE_CURVE('',#946,#947,#1125,.T.);
#676=EDGE_CURVE('',#946,#948,#1126,.T.);
#677=EDGE_CURVE('',#948,#949,#1127,.T.);
#678=EDGE_CURVE('',#947,#949,#1128,.T.);
#679=EDGE_CURVE('',#950,#951,#1129,.T.);
#680=EDGE_CURVE('',#950,#952,#82,.T.);
#681=EDGE_CURVE('',#953,#952,#1130,.T.);
#682=EDGE_CURVE('',#953,#951,#83,.T.);
#683=EDGE_CURVE('',#954,#955,#84,.T.);
#684=EDGE_CURVE('',#955,#956,#1131,.T.);
#685=EDGE_CURVE('',#956,#957,#85,.T.);
#686=EDGE_CURVE('',#954,#957,#1132,.T.);
#687=EDGE_CURVE('',#958,#959,#1133,.T.);
#688=EDGE_CURVE('',#960,#958,#1134,.T.);
#689=EDGE_CURVE('',#960,#961,#43,.T.);
#690=EDGE_CURVE('',#961,#959,#1135,.T.);
#691=EDGE_CURVE('',#962,#963,#1136,.T.);
#692=EDGE_CURVE('',#964,#962,#1137,.T.);
#693=EDGE_CURVE('',#965,#964,#1138,.T.);
#694=EDGE_CURVE('',#966,#965,#1139,.T.);
#695=EDGE_CURVE('',#967,#966,#1140,.T.);
#696=EDGE_CURVE('',#967,#968,#1141,.T.);
#697=EDGE_CURVE('',#968,#969,#44,.T.);
#698=EDGE_CURVE('',#963,#969,#1142,.T.);
#699=EDGE_CURVE('',#958,#963,#1143,.T.);
#700=EDGE_CURVE('',#960,#969,#1144,.T.);
#701=EDGE_CURVE('',#959,#967,#1145,.T.);
#702=EDGE_CURVE('',#961,#968,#1146,.T.);
#703=EDGE_CURVE('',#970,#971,#1147,.T.);
#704=EDGE_CURVE('',#971,#972,#86,.T.);
#705=EDGE_CURVE('',#973,#972,#1148,.T.);
#706=EDGE_CURVE('',#973,#974,#87,.T.);
#707=EDGE_CURVE('',#974,#975,#1149,.T.);
#708=EDGE_CURVE('',#976,#975,#1150,.T.);
#709=EDGE_CURVE('',#976,#977,#1151,.T.);
#710=EDGE_CURVE('',#977,#970,#1152,.T.);
#711=EDGE_CURVE('',#978,#979,#1153,.T.);
#712=EDGE_CURVE('',#978,#980,#1154,.T.);
#713=EDGE_CURVE('',#980,#981,#1155,.T.);
#714=EDGE_CURVE('',#979,#981,#1156,.T.);
#715=EDGE_CURVE('',#982,#983,#1157,.T.);
#716=EDGE_CURVE('',#982,#984,#88,.T.);
#717=EDGE_CURVE('',#984,#985,#1158,.T.);
#718=EDGE_CURVE('',#985,#986,#89,.T.);
#719=EDGE_CURVE('',#986,#987,#1159,.T.);
#720=EDGE_CURVE('',#987,#988,#90,.T.);
#721=EDGE_CURVE('',#989,#988,#1160,.T.);
#722=EDGE_CURVE('',#989,#983,#91,.T.);
#723=EDGE_CURVE('',#990,#991,#1161,.T.);
#724=EDGE_CURVE('',#991,#992,#92,.T.);
#725=EDGE_CURVE('',#992,#993,#1162,.T.);
#726=EDGE_CURVE('',#993,#990,#93,.T.);
#727=EDGE_CURVE('',#994,#995,#1163,.T.);
#728=EDGE_CURVE('',#994,#996,#94,.T.);
#729=EDGE_CURVE('',#996,#997,#1164,.T.);
#730=EDGE_CURVE('',#997,#954,#95,.T.);
#731=EDGE_CURVE('',#957,#998,#96,.T.);
#732=EDGE_CURVE('',#999,#998,#1165,.T.);
#733=EDGE_CURVE('',#999,#995,#97,.T.);
#734=EDGE_CURVE('',#1000,#1001,#1166,.T.);
#735=EDGE_CURVE('',#1001,#1002,#1167,.T.);
#736=EDGE_CURVE('',#1003,#1002,#1168,.T.);
#737=EDGE_CURVE('',#1003,#1000,#1169,.T.);
#738=EDGE_CURVE('',#1004,#1004,#45,.T.);
#739=EDGE_CURVE('',#1005,#1006,#98,.T.);
#740=EDGE_CURVE('',#1005,#1007,#1170,.T.);
#741=EDGE_CURVE('',#1008,#1007,#1171,.T.);
#742=EDGE_CURVE('',#1008,#1009,#1172,.T.);
#743=EDGE_CURVE('',#1006,#1009,#99,.T.);
#744=EDGE_CURVE('',#1010,#1010,#46,.T.);
#745=EDGE_CURVE('',#1011,#1002,#1173,.T.);
#746=EDGE_CURVE('',#1011,#1012,#100,.T.);
#747=EDGE_CURVE('',#1012,#1013,#101,.T.);
#748=EDGE_CURVE('',#1003,#1013,#1174,.T.);
#749=EDGE_CURVE('',#1014,#1014,#47,.T.);
#750=EDGE_CURVE('',#1015,#1016,#1175,.T.);
#751=EDGE_CURVE('',#1016,#1017,#1176,.T.);
#752=EDGE_CURVE('',#1017,#1018,#102,.T.);
#753=EDGE_CURVE('',#1018,#1019,#103,.T.);
#754=EDGE_CURVE('',#1019,#1015,#1177,.T.);
#755=EDGE_CURVE('',#1020,#1020,#48,.T.);
#756=EDGE_CURVE('',#1001,#1021,#1178,.T.);
#757=EDGE_CURVE('',#1022,#1000,#1179,.T.);
#758=EDGE_CURVE('',#1023,#1022,#104,.T.);
#759=EDGE_CURVE('',#1021,#1023,#105,.T.);
#760=EDGE_CURVE('',#1015,#1024,#1180,.T.);
#761=EDGE_CURVE('',#1024,#1025,#106,.T.);
#762=EDGE_CURVE('',#1025,#1016,#1181,.T.);
#763=EDGE_CURVE('',#1026,#1027,#49,.T.);
#764=EDGE_CURVE('',#1028,#1026,#1182,.T.);
#765=EDGE_CURVE('',#1029,#1028,#50,.T.);
#766=EDGE_CURVE('',#949,#1029,#51,.T.);
#767=EDGE_CURVE('',#1027,#948,#52,.T.);
#768=EDGE_CURVE('',#1007,#1030,#1183,.T.);
#769=EDGE_CURVE('',#1030,#1031,#107,.T.);
#770=EDGE_CURVE('',#1031,#1008,#1184,.T.);
#771=EDGE_CURVE('',#1032,#1033,#53,.T.);
#772=EDGE_CURVE('',#1034,#1032,#1185,.T.);
#773=EDGE_CURVE('',#1035,#1034,#54,.T.);
#774=EDGE_CURVE('',#1036,#1035,#55,.T.);
#775=EDGE_CURVE('',#1037,#1036,#1186,.T.);
#776=EDGE_CURVE('',#1033,#1037,#56,.T.);
#777=EDGE_CURVE('',#1038,#1039,#1187,.T.);
#778=EDGE_CURVE('',#1039,#1040,#108,.T.);
#779=EDGE_CURVE('',#1040,#1041,#1188,.T.);
#780=EDGE_CURVE('',#1041,#1038,#109,.T.);
#781=EDGE_CURVE('',#1011,#1005,#1189,.F.);
#782=EDGE_CURVE('',#1006,#1012,#1190,.T.);
#783=EDGE_CURVE('',#1017,#1021,#1191,.T.);
#784=EDGE_CURVE('',#1018,#1023,#1192,.T.);
#785=EDGE_CURVE('',#1009,#1013,#1193,.T.);
#786=EDGE_CURVE('',#1022,#1019,#1194,.F.);
#787=EDGE_CURVE('',#1042,#1043,#1195,.T.);
#788=EDGE_CURVE('',#1044,#1043,#1196,.T.);
#789=EDGE_CURVE('',#1045,#1044,#1197,.T.);
#790=EDGE_CURVE('',#1042,#1045,#1198,.T.);
#791=EDGE_CURVE('',#1044,#1046,#57,.T.);
#792=EDGE_CURVE('',#1047,#1046,#1199,.T.);
#793=EDGE_CURVE('',#1047,#1045,#58,.T.);
#794=EDGE_CURVE('',#1048,#1046,#1200,.T.);
#795=EDGE_CURVE('',#1049,#1048,#1201,.T.);
#796=EDGE_CURVE('',#1047,#1049,#1202,.T.);
#797=EDGE_CURVE('',#1048,#1050,#59,.T.);
#798=EDGE_CURVE('',#1051,#1050,#1203,.T.);
#799=EDGE_CURVE('',#1051,#1049,#60,.T.);
#800=EDGE_CURVE('',#1052,#1050,#1204,.T.);
#801=EDGE_CURVE('',#1053,#1052,#1205,.T.);
#802=EDGE_CURVE('',#1051,#1053,#1206,.T.);
#803=EDGE_CURVE('',#1052,#1054,#61,.T.);
#804=EDGE_CURVE('',#1055,#1054,#1207,.T.);
#805=EDGE_CURVE('',#1055,#1053,#62,.T.);
#806=EDGE_CURVE('',#1056,#1054,#1208,.T.);
#807=EDGE_CURVE('',#1057,#1056,#1209,.T.);
#808=EDGE_CURVE('',#1055,#1057,#1210,.T.);
#809=EDGE_CURVE('',#1056,#1043,#63,.T.);
#810=EDGE_CURVE('',#1042,#1057,#64,.T.);
#811=EDGE_CURVE('',#952,#1058,#110,.T.);
#812=EDGE_CURVE('',#1058,#980,#1211,.T.);
#813=EDGE_CURVE('',#953,#978,#1212,.T.);
#814=EDGE_CURVE('',#1059,#1060,#1213,.T.);
#815=EDGE_CURVE('',#1060,#1061,#65,.T.);
#816=EDGE_CURVE('',#1061,#1062,#66,.T.);
#817=EDGE_CURVE('',#1062,#1063,#1214,.T.);
#818=EDGE_CURVE('',#1063,#1064,#67,.T.);
#819=EDGE_CURVE('',#1064,#1059,#68,.T.);
#820=EDGE_CURVE('',#974,#979,#1215,.T.);
#821=EDGE_CURVE('',#953,#974,#1216,.T.);
#822=EDGE_CURVE('',#1065,#1066,#69,.T.);
#823=EDGE_CURVE('',#1067,#1065,#70,.T.);
#824=EDGE_CURVE('',#1068,#1067,#1217,.T.);
#825=EDGE_CURVE('',#1069,#1068,#71,.T.);
#826=EDGE_CURVE('',#1070,#1069,#72,.T.);
#827=EDGE_CURVE('',#1066,#1070,#1218,.T.);
#828=EDGE_CURVE('',#1058,#1071,#111,.T.);
#829=EDGE_CURVE('',#1071,#981,#1219,.T.);
#830=EDGE_CURVE('',#1071,#971,#112,.T.);
#831=EDGE_CURVE('',#970,#1072,#1220,.T.);
#832=EDGE_CURVE('',#1072,#1073,#1221,.T.);
#833=EDGE_CURVE('',#1073,#1074,#1222,.T.);
#834=EDGE_CURVE('',#1074,#1075,#1223,.T.);
#835=EDGE_CURVE('',#1075,#1076,#1224,.T.);
#836=EDGE_CURVE('',#1076,#1077,#1225,.T.);
#837=EDGE_CURVE('',#975,#1077,#1226,.T.);
#838=EDGE_CURVE('',#1031,#991,#113,.T.);
#839=EDGE_CURVE('',#990,#1039,#114,.T.);
#840=EDGE_CURVE('',#1038,#950,#115,.T.);
#841=EDGE_CURVE('',#951,#1024,#116,.T.);
#842=EDGE_CURVE('',#1078,#1079,#1227,.T.);
#843=EDGE_CURVE('',#1080,#1079,#1228,.T.);
#844=EDGE_CURVE('',#1081,#1080,#1229,.T.);
#845=EDGE_CURVE('',#1081,#1078,#1230,.T.);
#846=EDGE_CURVE('',#1078,#1082,#73,.T.);
#847=EDGE_CURVE('',#1081,#1083,#74,.T.);
#848=EDGE_CURVE('',#1083,#1082,#1231,.T.);
#849=EDGE_CURVE('',#1082,#1084,#1232,.T.);
#850=EDGE_CURVE('',#1083,#1085,#1233,.T.);
#851=EDGE_CURVE('',#1085,#1084,#1234,.T.);
#852=EDGE_CURVE('',#1084,#1086,#75,.T.);
#853=EDGE_CURVE('',#1085,#1087,#76,.T.);
#854=EDGE_CURVE('',#1087,#1086,#1235,.T.);
#855=EDGE_CURVE('',#1086,#1088,#1236,.T.);
#856=EDGE_CURVE('',#1087,#1089,#1237,.T.);
#857=EDGE_CURVE('',#1089,#1088,#1238,.T.);
#858=EDGE_CURVE('',#1088,#1090,#77,.T.);
#859=EDGE_CURVE('',#1089,#1091,#78,.T.);
#860=EDGE_CURVE('',#1091,#1090,#1239,.T.);
#861=EDGE_CURVE('',#1092,#1090,#1240,.T.);
#862=EDGE_CURVE('',#1093,#1091,#1241,.T.);
#863=EDGE_CURVE('',#1093,#1092,#1242,.T.);
#864=EDGE_CURVE('',#1092,#1079,#79,.T.);
#865=EDGE_CURVE('',#1093,#1080,#80,.T.);
#866=EDGE_CURVE('',#1025,#973,#117,.T.);
#867=EDGE_CURVE('',#972,#1041,#118,.T.);
#868=EDGE_CURVE('',#1040,#993,#119,.T.);
#869=EDGE_CURVE('',#992,#1030,#120,.T.);
#870=EDGE_CURVE('',#1094,#1094,#81,.T.);
#871=EDGE_CURVE('',#983,#997,#121,.T.);
#872=EDGE_CURVE('',#996,#982,#122,.T.);
#873=EDGE_CURVE('',#995,#985,#123,.T.);
#874=EDGE_CURVE('',#984,#994,#124,.T.);
#875=EDGE_CURVE('',#998,#987,#125,.T.);
#876=EDGE_CURVE('',#986,#999,#126,.T.);
#877=EDGE_CURVE('',#1095,#1096,#1243,.T.);
#878=EDGE_CURVE('',#1095,#989,#127,.T.);
#879=EDGE_CURVE('',#988,#1096,#128,.T.);
#880=EDGE_CURVE('',#1096,#956,#129,.T.);
#881=EDGE_CURVE('',#955,#1095,#130,.T.);
#882=EDGE_CURVE('',#1097,#1077,#1244,.T.);
#883=EDGE_CURVE('',#1097,#976,#1245,.T.);
#884=EDGE_CURVE('',#1098,#977,#1246,.T.);
#885=EDGE_CURVE('',#1098,#1072,#1247,.T.);
#886=EDGE_CURVE('',#1097,#1098,#1248,.T.);
#887=EDGE_CURVE('',#1099,#964,#1249,.T.);
#888=EDGE_CURVE('',#1100,#962,#1250,.T.);
#889=EDGE_CURVE('',#1099,#1100,#1251,.T.);
#890=EDGE_CURVE('',#1101,#966,#1252,.T.);
#891=EDGE_CURVE('',#1102,#965,#1253,.T.);
#892=EDGE_CURVE('',#1101,#1102,#1254,.T.);
#893=EDGE_CURVE('',#1103,#1075,#1255,.T.);
#894=EDGE_CURVE('',#1103,#1104,#1256,.T.);
#895=EDGE_CURVE('',#1104,#1076,#1257,.T.);
#896=EDGE_CURVE('',#1105,#1074,#1258,.T.);
#897=EDGE_CURVE('',#1105,#1103,#1259,.T.);
#898=EDGE_CURVE('',#1106,#1073,#1260,.T.);
#899=EDGE_CURVE('',#1106,#1105,#1261,.T.);
#900=EDGE_CURVE('',#1102,#1099,#1262,.T.);
#901=EDGE_CURVE('',#1100,#1101,#1263,.T.);
#902=EDGE_CURVE('',#1104,#1106,#1264,.T.);
#903=EDGE_CURVE('',#1107,#1095,#1265,.T.);
#904=EDGE_CURVE('',#1108,#1107,#131,.F.);
#905=EDGE_CURVE('',#1108,#955,#1266,.T.);
#906=EDGE_CURVE('',#1109,#1096,#1267,.T.);
#907=EDGE_CURVE('',#1107,#1109,#1268,.T.);
#908=EDGE_CURVE('',#1110,#956,#1269,.T.);
#909=EDGE_CURVE('',#1109,#1110,#132,.F.);
#910=EDGE_CURVE('',#1108,#1110,#1270,.T.);
#911=EDGE_CURVE('',#1066,#1032,#1271,.T.);
#912=EDGE_CURVE('',#1065,#1033,#1272,.T.);
#913=EDGE_CURVE('',#1067,#1037,#1273,.T.);
#914=EDGE_CURVE('',#1068,#1036,#1274,.T.);
#915=EDGE_CURVE('',#1069,#1035,#1275,.T.);
#916=EDGE_CURVE('',#1070,#1034,#1276,.T.);
#917=EDGE_CURVE('',#1111,#1112,#1277,.T.);
#918=EDGE_CURVE('',#1111,#1113,#1278,.T.);
#919=EDGE_CURVE('',#1113,#1114,#1279,.T.);
#920=EDGE_CURVE('',#1112,#1114,#1280,.T.);
#921=EDGE_CURVE('',#1061,#1027,#1281,.T.);
#922=EDGE_CURVE('',#1060,#1026,#1282,.T.);
#923=EDGE_CURVE('',#1115,#946,#1283,.T.);
#924=EDGE_CURVE('',#1062,#1115,#1284,.T.);
#925=EDGE_CURVE('',#1115,#1116,#1285,.T.);
#926=EDGE_CURVE('',#1063,#1116,#1286,.T.);
#927=EDGE_CURVE('',#1064,#1029,#1287,.T.);
#928=EDGE_CURVE('',#1116,#947,#1288,.T.);
#929=EDGE_CURVE('',#1059,#1028,#1289,.T.);
#930=EDGE_CURVE('',#1117,#1111,#1290,.T.);
#931=EDGE_CURVE('',#1117,#1118,#1291,.T.);
#932=EDGE_CURVE('',#1118,#1113,#1292,.T.);
#933=EDGE_CURVE('',#1119,#1112,#1293,.T.);
#934=EDGE_CURVE('',#1117,#1119,#1294,.T.);
#935=EDGE_CURVE('',#1120,#1114,#1295,.T.);
#936=EDGE_CURVE('',#1119,#1120,#1296,.T.);
#937=EDGE_CURVE('',#1118,#1120,#1297,.T.);
#938=EDGE_CURVE('',#1121,#1115,#1298,.T.);
#939=EDGE_CURVE('',#1121,#1122,#1299,.T.);
#940=EDGE_CURVE('',#1122,#1116,#1300,.T.);
#941=EDGE_CURVE('',#1123,#946,#1301,.T.);
#942=EDGE_CURVE('',#1121,#1123,#1302,.T.);
#943=EDGE_CURVE('',#1124,#947,#1303,.T.);
#944=EDGE_CURVE('',#1123,#1124,#1304,.T.);
#945=EDGE_CURVE('',#1122,#1124,#1305,.T.);
#946=VERTEX_POINT('',#2467);
#947=VERTEX_POINT('',#2468);
#948=VERTEX_POINT('',#2470);
#949=VERTEX_POINT('',#2472);
#950=VERTEX_POINT('',#2476);
#951=VERTEX_POINT('',#2477);
#952=VERTEX_POINT('',#2482);
#953=VERTEX_POINT('',#2484);
#954=VERTEX_POINT('',#2494);
#955=VERTEX_POINT('',#2495);
#956=VERTEX_POINT('',#2497);
#957=VERTEX_POINT('',#2502);
#958=VERTEX_POINT('',#2506);
#959=VERTEX_POINT('',#2507);
#960=VERTEX_POINT('',#2509);
#961=VERTEX_POINT('',#2511);
#962=VERTEX_POINT('',#2515);
#963=VERTEX_POINT('',#2516);
#964=VERTEX_POINT('',#2518);
#965=VERTEX_POINT('',#2520);
#966=VERTEX_POINT('',#2522);
#967=VERTEX_POINT('',#2524);
#968=VERTEX_POINT('',#2526);
#969=VERTEX_POINT('',#2528);
#970=VERTEX_POINT('',#2538);
#971=VERTEX_POINT('',#2539);
#972=VERTEX_POINT('',#2544);
#973=VERTEX_POINT('',#2546);
#974=VERTEX_POINT('',#2551);
#975=VERTEX_POINT('',#2553);
#976=VERTEX_POINT('',#2555);
#977=VERTEX_POINT('',#2557);
#978=VERTEX_POINT('',#2561);
#979=VERTEX_POINT('',#2562);
#980=VERTEX_POINT('',#2564);
#981=VERTEX_POINT('',#2566);
#982=VERTEX_POINT('',#2569);
#983=VERTEX_POINT('',#2570);
#984=VERTEX_POINT('',#2578);
#985=VERTEX_POINT('',#2580);
#986=VERTEX_POINT('',#2588);
#987=VERTEX_POINT('',#2590);
#988=VERTEX_POINT('',#2598);
#989=VERTEX_POINT('',#2600);
#990=VERTEX_POINT('',#2610);
#991=VERTEX_POINT('',#2611);
#992=VERTEX_POINT('',#2616);
#993=VERTEX_POINT('',#2618);
#994=VERTEX_POINT('',#2624);
#995=VERTEX_POINT('',#2625);
#996=VERTEX_POINT('',#2633);
#997=VERTEX_POINT('',#2635);
#998=VERTEX_POINT('',#2650);
#999=VERTEX_POINT('',#2652);
#1000=VERTEX_POINT('',#2662);
#1001=VERTEX_POINT('',#2663);
#1002=VERTEX_POINT('',#2665);
#1003=VERTEX_POINT('',#2667);
#1004=VERTEX_POINT('',#2671);
#1005=VERTEX_POINT('',#2675);
#1006=VERTEX_POINT('',#2676);
#1007=VERTEX_POINT('',#2678);
#1008=VERTEX_POINT('',#2680);
#1009=VERTEX_POINT('',#2682);
#1010=VERTEX_POINT('',#2688);
#1011=VERTEX_POINT('',#2690);
#1012=VERTEX_POINT('',#2694);
#1013=VERTEX_POINT('',#2698);
#1014=VERTEX_POINT('',#2702);
#1015=VERTEX_POINT('',#2704);
#1016=VERTEX_POINT('',#2705);
#1017=VERTEX_POINT('',#2707);
#1018=VERTEX_POINT('',#2711);
#1019=VERTEX_POINT('',#2715);
#1020=VERTEX_POINT('',#2719);
#1021=VERTEX_POINT('',#2721);
#1022=VERTEX_POINT('',#2723);
#1023=VERTEX_POINT('',#2727);
#1024=VERTEX_POINT('',#2733);
#1025=VERTEX_POINT('',#2738);
#1026=VERTEX_POINT('',#2742);
#1027=VERTEX_POINT('',#2743);
#1028=VERTEX_POINT('',#2745);
#1029=VERTEX_POINT('',#2747);
#1030=VERTEX_POINT('',#2751);
#1031=VERTEX_POINT('',#2756);
#1032=VERTEX_POINT('',#2760);
#1033=VERTEX_POINT('',#2761);
#1034=VERTEX_POINT('',#2763);
#1035=VERTEX_POINT('',#2765);
#1036=VERTEX_POINT('',#2767);
#1037=VERTEX_POINT('',#2769);
#1038=VERTEX_POINT('',#2772);
#1039=VERTEX_POINT('',#2773);
#1040=VERTEX_POINT('',#2778);
#1041=VERTEX_POINT('',#2780);
#1042=VERTEX_POINT('',#2825);
#1043=VERTEX_POINT('',#2826);
#1044=VERTEX_POINT('',#2828);
#1045=VERTEX_POINT('',#2830);
#1046=VERTEX_POINT('',#2834);
#1047=VERTEX_POINT('',#2836);
#1048=VERTEX_POINT('',#2840);
#1049=VERTEX_POINT('',#2842);
#1050=VERTEX_POINT('',#2846);
#1051=VERTEX_POINT('',#2848);
#1052=VERTEX_POINT('',#2852);
#1053=VERTEX_POINT('',#2854);
#1054=VERTEX_POINT('',#2858);
#1055=VERTEX_POINT('',#2860);
#1056=VERTEX_POINT('',#2864);
#1057=VERTEX_POINT('',#2866);
#1058=VERTEX_POINT('',#2876);
#1059=VERTEX_POINT('',#2883);
#1060=VERTEX_POINT('',#2884);
#1061=VERTEX_POINT('',#2886);
#1062=VERTEX_POINT('',#2888);
#1063=VERTEX_POINT('',#2890);
#1064=VERTEX_POINT('',#2892);
#1065=VERTEX_POINT('',#2898);
#1066=VERTEX_POINT('',#2899);
#1067=VERTEX_POINT('',#2901);
#1068=VERTEX_POINT('',#2903);
#1069=VERTEX_POINT('',#2905);
#1070=VERTEX_POINT('',#2907);
#1071=VERTEX_POINT('',#2913);
#1072=VERTEX_POINT('',#2921);
#1073=VERTEX_POINT('',#2923);
#1074=VERTEX_POINT('',#2925);
#1075=VERTEX_POINT('',#2927);
#1076=VERTEX_POINT('',#2929);
#1077=VERTEX_POINT('',#2931);
#1078=VERTEX_POINT('',#2952);
#1079=VERTEX_POINT('',#2953);
#1080=VERTEX_POINT('',#2955);
#1081=VERTEX_POINT('',#2957);
#1082=VERTEX_POINT('',#2961);
#1083=VERTEX_POINT('',#2963);
#1084=VERTEX_POINT('',#2967);
#1085=VERTEX_POINT('',#2969);
#1086=VERTEX_POINT('',#2973);
#1087=VERTEX_POINT('',#2975);
#1088=VERTEX_POINT('',#2979);
#1089=VERTEX_POINT('',#2981);
#1090=VERTEX_POINT('',#2985);
#1091=VERTEX_POINT('',#2987);
#1092=VERTEX_POINT('',#2991);
#1093=VERTEX_POINT('',#2993);
#1094=VERTEX_POINT('',#3029);
#1095=VERTEX_POINT('',#3059);
#1096=VERTEX_POINT('',#3060);
#1097=VERTEX_POINT('',#3144);
#1098=VERTEX_POINT('',#3148);
#1099=VERTEX_POINT('',#3154);
#1100=VERTEX_POINT('',#3156);
#1101=VERTEX_POINT('',#3160);
#1102=VERTEX_POINT('',#3162);
#1103=VERTEX_POINT('',#3166);
#1104=VERTEX_POINT('',#3168);
#1105=VERTEX_POINT('',#3172);
#1106=VERTEX_POINT('',#3176);
#1107=VERTEX_POINT('',#3187);
#1108=VERTEX_POINT('',#3192);
#1109=VERTEX_POINT('',#3196);
#1110=VERTEX_POINT('',#3200);
#1111=VERTEX_POINT('',#3285);
#1112=VERTEX_POINT('',#3286);
#1113=VERTEX_POINT('',#3288);
#1114=VERTEX_POINT('',#3290);
#1115=VERTEX_POINT('',#3297);
#1116=VERTEX_POINT('',#3301);
#1117=VERTEX_POINT('',#3311);
#1118=VERTEX_POINT('',#3313);
#1119=VERTEX_POINT('',#3317);
#1120=VERTEX_POINT('',#3321);
#1121=VERTEX_POINT('',#3328);
#1122=VERTEX_POINT('',#3330);
#1123=VERTEX_POINT('',#3334);
#1124=VERTEX_POINT('',#3338);
#1125=LINE('',#2466,#1306);
#1126=LINE('',#2469,#1307);
#1127=LINE('',#2471,#1308);
#1128=LINE('',#2473,#1309);
#1129=LINE('',#2475,#1310);
#1130=LINE('',#2483,#1311);
#1131=LINE('',#2496,#1312);
#1132=LINE('',#2503,#1313);
#1133=LINE('',#2505,#1314);
#1134=LINE('',#2508,#1315);
#1135=LINE('',#2512,#1316);
#1136=LINE('',#2514,#1317);
#1137=LINE('',#2517,#1318);
#1138=LINE('',#2519,#1319);
#1139=LINE('',#2521,#1320);
#1140=LINE('',#2523,#1321);
#1141=LINE('',#2525,#1322);
#1142=LINE('',#2529,#1323);
#1143=LINE('',#2531,#1324);
#1144=LINE('',#2532,#1325);
#1145=LINE('',#2534,#1326);
#1146=LINE('',#2535,#1327);
#1147=LINE('',#2537,#1328);
#1148=LINE('',#2545,#1329);
#1149=LINE('',#2552,#1330);
#1150=LINE('',#2554,#1331);
#1151=LINE('',#2556,#1332);
#1152=LINE('',#2558,#1333);
#1153=LINE('',#2560,#1334);
#1154=LINE('',#2563,#1335);
#1155=LINE('',#2565,#1336);
#1156=LINE('',#2567,#1337);
#1157=LINE('',#2568,#1338);
#1158=LINE('',#2579,#1339);
#1159=LINE('',#2589,#1340);
#1160=LINE('',#2599,#1341);
#1161=LINE('',#2609,#1342);
#1162=LINE('',#2617,#1343);
#1163=LINE('',#2623,#1344);
#1164=LINE('',#2634,#1345);
#1165=LINE('',#2651,#1346);
#1166=LINE('',#2661,#1347);
#1167=LINE('',#2664,#1348);
#1168=LINE('',#2666,#1349);
#1169=LINE('',#2668,#1350);
#1170=LINE('',#2677,#1351);
#1171=LINE('',#2679,#1352);
#1172=LINE('',#2681,#1353);
#1173=LINE('',#2689,#1354);
#1174=LINE('',#2699,#1355);
#1175=LINE('',#2703,#1356);
#1176=LINE('',#2706,#1357);
#1177=LINE('',#2716,#1358);
#1178=LINE('',#2720,#1359);
#1179=LINE('',#2722,#1360);
#1180=LINE('',#2732,#1361);
#1181=LINE('',#2739,#1362);
#1182=LINE('',#2744,#1363);
#1183=LINE('',#2750,#1364);
#1184=LINE('',#2757,#1365);
#1185=LINE('',#2762,#1366);
#1186=LINE('',#2768,#1367);
#1187=LINE('',#2771,#1368);
#1188=LINE('',#2779,#1369);
#1189=LINE('',#2793,#1370);
#1190=LINE('',#2794,#1371);
#1191=LINE('',#2803,#1372);
#1192=LINE('',#2804,#1373);
#1193=LINE('',#2813,#1374);
#1194=LINE('',#2822,#1375);
#1195=LINE('',#2824,#1376);
#1196=LINE('',#2827,#1377);
#1197=LINE('',#2829,#1378);
#1198=LINE('',#2831,#1379);
#1199=LINE('',#2835,#1380);
#1200=LINE('',#2839,#1381);
#1201=LINE('',#2841,#1382);
#1202=LINE('',#2843,#1383);
#1203=LINE('',#2847,#1384);
#1204=LINE('',#2851,#1385);
#1205=LINE('',#2853,#1386);
#1206=LINE('',#2855,#1387);
#1207=LINE('',#2859,#1388);
#1208=LINE('',#2863,#1389);
#1209=LINE('',#2865,#1390);
#1210=LINE('',#2867,#1391);
#1211=LINE('',#2877,#1392);
#1212=LINE('',#2878,#1393);
#1213=LINE('',#2882,#1394);
#1214=LINE('',#2889,#1395);
#1215=LINE('',#2894,#1396);
#1216=LINE('',#2895,#1397);
#1217=LINE('',#2902,#1398);
#1218=LINE('',#2908,#1399);
#1219=LINE('',#2914,#1400);
#1220=LINE('',#2920,#1401);
#1221=LINE('',#2922,#1402);
#1222=LINE('',#2924,#1403);
#1223=LINE('',#2926,#1404);
#1224=LINE('',#2928,#1405);
#1225=LINE('',#2930,#1406);
#1226=LINE('',#2932,#1407);
#1227=LINE('',#2951,#1408);
#1228=LINE('',#2954,#1409);
#1229=LINE('',#2956,#1410);
#1230=LINE('',#2958,#1411);
#1231=LINE('',#2964,#1412);
#1232=LINE('',#2966,#1413);
#1233=LINE('',#2968,#1414);
#1234=LINE('',#2970,#1415);
#1235=LINE('',#2976,#1416);
#1236=LINE('',#2978,#1417);
#1237=LINE('',#2980,#1418);
#1238=LINE('',#2982,#1419);
#1239=LINE('',#2988,#1420);
#1240=LINE('',#2990,#1421);
#1241=LINE('',#2992,#1422);
#1242=LINE('',#2994,#1423);
#1243=LINE('',#3058,#1424);
#1244=LINE('',#3143,#1425);
#1245=LINE('',#3145,#1426);
#1246=LINE('',#3147,#1427);
#1247=LINE('',#3149,#1428);
#1248=LINE('',#3151,#1429);
#1249=LINE('',#3153,#1430);
#1250=LINE('',#3155,#1431);
#1251=LINE('',#3157,#1432);
#1252=LINE('',#3159,#1433);
#1253=LINE('',#3161,#1434);
#1254=LINE('',#3163,#1435);
#1255=LINE('',#3165,#1436);
#1256=LINE('',#3167,#1437);
#1257=LINE('',#3169,#1438);
#1258=LINE('',#3171,#1439);
#1259=LINE('',#3173,#1440);
#1260=LINE('',#3175,#1441);
#1261=LINE('',#3177,#1442);
#1262=LINE('',#3179,#1443);
#1263=LINE('',#3181,#1444);
#1264=LINE('',#3183,#1445);
#1265=LINE('',#3186,#1446);
#1266=LINE('',#3193,#1447);
#1267=LINE('',#3195,#1448);
#1268=LINE('',#3197,#1449);
#1269=LINE('',#3199,#1450);
#1270=LINE('',#3206,#1451);
#1271=LINE('',#3273,#1452);
#1272=LINE('',#3274,#1453);
#1273=LINE('',#3276,#1454);
#1274=LINE('',#3278,#1455);
#1275=LINE('',#3280,#1456);
#1276=LINE('',#3282,#1457);
#1277=LINE('',#3284,#1458);
#1278=LINE('',#3287,#1459);
#1279=LINE('',#3289,#1460);
#1280=LINE('',#3291,#1461);
#1281=LINE('',#3293,#1462);
#1282=LINE('',#3294,#1463);
#1283=LINE('',#3296,#1464);
#1284=LINE('',#3298,#1465);
#1285=LINE('',#3300,#1466);
#1286=LINE('',#3302,#1467);
#1287=LINE('',#3304,#1468);
#1288=LINE('',#3305,#1469);
#1289=LINE('',#3307,#1470);
#1290=LINE('',#3310,#1471);
#1291=LINE('',#3312,#1472);
#1292=LINE('',#3314,#1473);
#1293=LINE('',#3316,#1474);
#1294=LINE('',#3318,#1475);
#1295=LINE('',#3320,#1476);
#1296=LINE('',#3322,#1477);
#1297=LINE('',#3324,#1478);
#1298=LINE('',#3327,#1479);
#1299=LINE('',#3329,#1480);
#1300=LINE('',#3331,#1481);
#1301=LINE('',#3333,#1482);
#1302=LINE('',#3335,#1483);
#1303=LINE('',#3337,#1484);
#1304=LINE('',#3339,#1485);
#1305=LINE('',#3341,#1486);
#1306=VECTOR('',#2033,1.);
#1307=VECTOR('',#2034,1.);
#1308=VECTOR('',#2035,1.);
#1309=VECTOR('',#2036,1.);
#1310=VECTOR('',#2039,1.);
#1311=VECTOR('',#2040,1.);
#1312=VECTOR('',#2043,1.);
#1313=VECTOR('',#2044,1.);
#1314=VECTOR('',#2047,1.);
#1315=VECTOR('',#2048,1.);
#1316=VECTOR('',#2051,1.);
#1317=VECTOR('',#2054,1.);
#1318=VECTOR('',#2055,1.);
#1319=VECTOR('',#2056,1.);
#1320=VECTOR('',#2057,1.);
#1321=VECTOR('',#2058,1.);
#1322=VECTOR('',#2059,1.);
#1323=VECTOR('',#2062,1.);
#1324=VECTOR('',#2065,1.);
#1325=VECTOR('',#2066,1.);
#1326=VECTOR('',#2069,1.);
#1327=VECTOR('',#2070,1.);
#1328=VECTOR('',#2073,1.);
#1329=VECTOR('',#2074,1.);
#1330=VECTOR('',#2075,1.);
#1331=VECTOR('',#2076,1.);
#1332=VECTOR('',#2077,1.);
#1333=VECTOR('',#2078,1.);
#1334=VECTOR('',#2081,1.);
#1335=VECTOR('',#2082,1.);
#1336=VECTOR('',#2083,1.);
#1337=VECTOR('',#2084,1.);
#1338=VECTOR('',#2085,1.);
#1339=VECTOR('',#2086,1.);
#1340=VECTOR('',#2087,1.);
#1341=VECTOR('',#2088,1.);
#1342=VECTOR('',#2091,1.);
#1343=VECTOR('',#2092,1.);
#1344=VECTOR('',#2093,1.);
#1345=VECTOR('',#2094,1.);
#1346=VECTOR('',#2095,1.);
#1347=VECTOR('',#2098,1.);
#1348=VECTOR('',#2099,1.);
#1349=VECTOR('',#2100,1.);
#1350=VECTOR('',#2101,1.);
#1351=VECTOR('',#2106,1.);
#1352=VECTOR('',#2107,1.);
#1353=VECTOR('',#2108,1.);
#1354=VECTOR('',#2113,1.);
#1355=VECTOR('',#2114,1.);
#1356=VECTOR('',#2119,1.);
#1357=VECTOR('',#2120,1.);
#1358=VECTOR('',#2121,1.);
#1359=VECTOR('',#2126,1.);
#1360=VECTOR('',#2127,1.);
#1361=VECTOR('',#2130,1.);
#1362=VECTOR('',#2131,1.);
#1363=VECTOR('',#2136,1.);
#1364=VECTOR('',#2143,1.);
#1365=VECTOR('',#2144,1.);
#1366=VECTOR('',#2149,1.);
#1367=VECTOR('',#2154,1.);
#1368=VECTOR('',#2157,1.);
#1369=VECTOR('',#2158,1.);
#1370=VECTOR('',#2159,1.);
#1371=VECTOR('',#2160,1.);
#1372=VECTOR('',#2161,1.);
#1373=VECTOR('',#2162,1.);
#1374=VECTOR('',#2163,1.);
#1375=VECTOR('',#2164,1.);
#1376=VECTOR('',#2167,1.);
#1377=VECTOR('',#2168,1.);
#1378=VECTOR('',#2169,1.);
#1379=VECTOR('',#2170,1.);
#1380=VECTOR('',#2175,1.);
#1381=VECTOR('',#2180,1.);
#1382=VECTOR('',#2181,1.);
#1383=VECTOR('',#2182,1.);
#1384=VECTOR('',#2187,1.);
#1385=VECTOR('',#2192,1.);
#1386=VECTOR('',#2193,1.);
#1387=VECTOR('',#2194,1.);
#1388=VECTOR('',#2199,1.);
#1389=VECTOR('',#2204,1.);
#1390=VECTOR('',#2205,1.);
#1391=VECTOR('',#2206,1.);
#1392=VECTOR('',#2215,1.);
#1393=VECTOR('',#2216,1.);
#1394=VECTOR('',#2223,1.);
#1395=VECTOR('',#2228,1.);
#1396=VECTOR('',#2233,1.);
#1397=VECTOR('',#2234,1.);
#1398=VECTOR('',#2241,1.);
#1399=VECTOR('',#2246,1.);
#1400=VECTOR('',#2247,1.);
#1401=VECTOR('',#2250,1.);
#1402=VECTOR('',#2251,1.);
#1403=VECTOR('',#2252,1.);
#1404=VECTOR('',#2253,1.);
#1405=VECTOR('',#2254,1.);
#1406=VECTOR('',#2255,1.);
#1407=VECTOR('',#2256,1.);
#1408=VECTOR('',#2261,1.);
#1409=VECTOR('',#2262,1.);
#1410=VECTOR('',#2263,1.);
#1411=VECTOR('',#2264,1.);
#1412=VECTOR('',#2271,1.);
#1413=VECTOR('',#2274,1.);
#1414=VECTOR('',#2275,1.);
#1415=VECTOR('',#2276,1.);
#1416=VECTOR('',#2283,1.);
#1417=VECTOR('',#2286,1.);
#1418=VECTOR('',#2287,1.);
#1419=VECTOR('',#2288,1.);
#1420=VECTOR('',#2295,1.);
#1421=VECTOR('',#2298,1.);
#1422=VECTOR('',#2299,1.);
#1423=VECTOR('',#2300,1.);
#1424=VECTOR('',#2321,1.);
#1425=VECTOR('',#2326,1.);
#1426=VECTOR('',#2327,1.);
#1427=VECTOR('',#2330,1.);
#1428=VECTOR('',#2331,1.);
#1429=VECTOR('',#2334,1.);
#1430=VECTOR('',#2337,1.);
#1431=VECTOR('',#2338,1.);
#1432=VECTOR('',#2339,1.);
#1433=VECTOR('',#2342,1.);
#1434=VECTOR('',#2343,1.);
#1435=VECTOR('',#2344,1.);
#1436=VECTOR('',#2347,1.);
#1437=VECTOR('',#2348,1.);
#1438=VECTOR('',#2349,1.);
#1439=VECTOR('',#2352,1.);
#1440=VECTOR('',#2353,1.);
#1441=VECTOR('',#2356,1.);
#1442=VECTOR('',#2357,1.);
#1443=VECTOR('',#2360,1.);
#1444=VECTOR('',#2363,1.);
#1445=VECTOR('',#2366,1.);
#1446=VECTOR('',#2371,1.);
#1447=VECTOR('',#2372,1.);
#1448=VECTOR('',#2375,1.);
#1449=VECTOR('',#2376,1.);
#1450=VECTOR('',#2379,1.);
#1451=VECTOR('',#2382,1.);
#1452=VECTOR('',#2387,1.);
#1453=VECTOR('',#2388,1.);
#1454=VECTOR('',#2391,1.);
#1455=VECTOR('',#2394,1.);
#1456=VECTOR('',#2397,1.);
#1457=VECTOR('',#2400,1.);
#1458=VECTOR('',#2403,1.);
#1459=VECTOR('',#2404,1.);
#1460=VECTOR('',#2405,1.);
#1461=VECTOR('',#2406,1.);
#1462=VECTOR('',#2409,1.);
#1463=VECTOR('',#2410,1.);
#1464=VECTOR('',#2413,1.);
#1465=VECTOR('',#2414,1.);
#1466=VECTOR('',#2417,1.);
#1467=VECTOR('',#2418,1.);
#1468=VECTOR('',#2421,1.);
#1469=VECTOR('',#2422,1.);
#1470=VECTOR('',#2425,1.);
#1471=VECTOR('',#2430,1.);
#1472=VECTOR('',#2431,1.);
#1473=VECTOR('',#2432,1.);
#1474=VECTOR('',#2435,1.);
#1475=VECTOR('',#2436,1.);
#1476=VECTOR('',#2439,1.);
#1477=VECTOR('',#2440,1.);
#1478=VECTOR('',#2443,1.);
#1479=VECTOR('',#2448,1.);
#1480=VECTOR('',#2449,1.);
#1481=VECTOR('',#2450,1.);
#1482=VECTOR('',#2453,1.);
#1483=VECTOR('',#2454,1.);
#1484=VECTOR('',#2457,1.);
#1485=VECTOR('',#2458,1.);
#1486=VECTOR('',#2461,1.);
#1487=EDGE_LOOP('',(#133,#134,#135,#136));
#1488=EDGE_LOOP('',(#137,#138,#139,#140));
#1489=EDGE_LOOP('',(#141,#142,#143,#144));
#1490=EDGE_LOOP('',(#145,#146,#147,#148));
#1491=EDGE_LOOP('',(#149,#150,#151,#152,#153,#154,#155,#156));
#1492=EDGE_LOOP('',(#157,#158,#159,#160));
#1493=EDGE_LOOP('',(#161,#162,#163,#164));
#1494=EDGE_LOOP('',(#165,#166,#167,#168,#169,#170,#171,#172));
#1495=EDGE_LOOP('',(#173,#174,#175,#176));
#1496=EDGE_LOOP('',(#177,#178,#179,#180,#181,#182,#183,#184));
#1497=EDGE_LOOP('',(#185,#186,#187,#188));
#1498=EDGE_LOOP('',(#189,#190,#191,#192,#193,#194,#195,#196));
#1499=EDGE_LOOP('',(#197,#198,#199,#200));
#1500=EDGE_LOOP('',(#201));
#1501=EDGE_LOOP('',(#202,#203,#204,#205,#206));
#1502=EDGE_LOOP('',(#207));
#1503=EDGE_LOOP('',(#208,#209,#210,#211,#212));
#1504=EDGE_LOOP('',(#213));
#1505=EDGE_LOOP('',(#214,#215,#216,#217,#218));
#1506=EDGE_LOOP('',(#219));
#1507=EDGE_LOOP('',(#220,#221,#222,#223,#224));
#1508=EDGE_LOOP('',(#225,#226,#227,#228));
#1509=EDGE_LOOP('',(#229,#230,#231,#232,#233,#234));
#1510=EDGE_LOOP('',(#235,#236,#237,#238));
#1511=EDGE_LOOP('',(#239,#240,#241,#242,#243,#244));
#1512=EDGE_LOOP('',(#245,#246,#247,#248));
#1513=EDGE_LOOP('',(#249,#250,#251,#252));
#1514=EDGE_LOOP('',(#253,#254,#255,#256));
#1515=EDGE_LOOP('',(#257,#258,#259,#260));
#1516=EDGE_LOOP('',(#261,#262,#263,#264));
#1517=EDGE_LOOP('',(#265,#266,#267,#268));
#1518=EDGE_LOOP('',(#269,#270,#271,#272));
#1519=EDGE_LOOP('',(#273,#274,#275,#276));
#1520=EDGE_LOOP('',(#277,#278,#279,#280));
#1521=EDGE_LOOP('',(#281,#282,#283,#284));
#1522=EDGE_LOOP('',(#285,#286,#287,#288));
#1523=EDGE_LOOP('',(#289,#290,#291,#292));
#1524=EDGE_LOOP('',(#293,#294,#295,#296));
#1525=EDGE_LOOP('',(#297,#298,#299,#300,#301));
#1526=EDGE_LOOP('',(#302,#303,#304,#305,#306,#307,#308,#309));
#1527=EDGE_LOOP('',(#310));
#1528=EDGE_LOOP('',(#311));
#1529=EDGE_LOOP('',(#312));
#1530=EDGE_LOOP('',(#313));
#1531=EDGE_LOOP('',(#314,#315,#316,#317,#318,#319));
#1532=EDGE_LOOP('',(#320,#321,#322,#323));
#1533=EDGE_LOOP('',(#324,#325,#326,#327,#328,#329));
#1534=EDGE_LOOP('',(#330,#331,#332,#333));
#1535=EDGE_LOOP('',(#334,#335,#336,#337,#338,#339,#340,#341,#342,#343,#344,
#345,#346));
#1536=EDGE_LOOP('',(#347,#348,#349,#350,#351,#352,#353,#354,#355,#356,#357,
#358,#359,#360,#361,#362));
#1537=EDGE_LOOP('',(#363,#364,#365,#366,#367,#368,#369,#370));
#1538=EDGE_LOOP('',(#371,#372,#373,#374));
#1539=EDGE_LOOP('',(#375,#376,#377,#378));
#1540=EDGE_LOOP('',(#379,#380,#381,#382));
#1541=EDGE_LOOP('',(#383,#384,#385,#386));
#1542=EDGE_LOOP('',(#387,#388,#389,#390));
#1543=EDGE_LOOP('',(#391,#392,#393,#394));
#1544=EDGE_LOOP('',(#395,#396,#397,#398));
#1545=EDGE_LOOP('',(#399,#400,#401,#402));
#1546=EDGE_LOOP('',(#403,#404,#405,#406,#407,#408,#409,#410,#411,#412,#413,
#414,#415,#416,#417,#418));
#1547=EDGE_LOOP('',(#419,#420,#421,#422,#423,#424,#425,#426));
#1548=EDGE_LOOP('',(#427));
#1549=EDGE_LOOP('',(#428,#429,#430,#431,#432,#433,#434,#435));
#1550=EDGE_LOOP('',(#436,#437,#438,#439));
#1551=EDGE_LOOP('',(#440,#441,#442,#443));
#1552=EDGE_LOOP('',(#444,#445,#446,#447));
#1553=EDGE_LOOP('',(#448,#449,#450,#451));
#1554=EDGE_LOOP('',(#452,#453,#454,#455,#456,#457));
#1555=EDGE_LOOP('',(#458,#459,#460,#461));
#1556=EDGE_LOOP('',(#462,#463,#464,#465,#466,#467));
#1557=EDGE_LOOP('',(#468,#469,#470,#471));
#1558=EDGE_LOOP('',(#472,#473,#474,#475));
#1559=EDGE_LOOP('',(#476));
#1560=EDGE_LOOP('',(#477,#478,#479,#480));
#1561=EDGE_LOOP('',(#481,#482,#483,#484));
#1562=EDGE_LOOP('',(#485,#486,#487,#488));
#1563=EDGE_LOOP('',(#489,#490,#491,#492));
#1564=EDGE_LOOP('',(#493,#494,#495,#496));
#1565=EDGE_LOOP('',(#497,#498,#499,#500));
#1566=EDGE_LOOP('',(#501,#502,#503,#504));
#1567=EDGE_LOOP('',(#505,#506,#507,#508));
#1568=EDGE_LOOP('',(#509,#510,#511,#512));
#1569=EDGE_LOOP('',(#513,#514,#515,#516,#517,#518,#519,#520));
#1570=EDGE_LOOP('',(#521,#522,#523,#524,#525,#526,#527,#528));
#1571=EDGE_LOOP('',(#529,#530,#531,#532));
#1572=EDGE_LOOP('',(#533,#534,#535,#536));
#1573=EDGE_LOOP('',(#537,#538,#539,#540));
#1574=EDGE_LOOP('',(#541,#542,#543,#544));
#1575=EDGE_LOOP('',(#545,#546,#547,#548));
#1576=EDGE_LOOP('',(#549,#550,#551,#552));
#1577=EDGE_LOOP('',(#553,#554,#555,#556));
#1578=EDGE_LOOP('',(#557,#558,#559,#560));
#1579=EDGE_LOOP('',(#561,#562,#563,#564));
#1580=EDGE_LOOP('',(#565,#566,#567,#568,#569,#570,#571,#572));
#1581=EDGE_LOOP('',(#573,#574,#575,#576,#577,#578));
#1582=EDGE_LOOP('',(#579,#580,#581,#582));
#1583=EDGE_LOOP('',(#583,#584,#585,#586));
#1584=EDGE_LOOP('',(#587,#588,#589,#590));
#1585=EDGE_LOOP('',(#591,#592,#593,#594));
#1586=EDGE_LOOP('',(#595,#596,#597,#598));
#1587=EDGE_LOOP('',(#599,#600,#601,#602));
#1588=EDGE_LOOP('',(#603,#604,#605,#606));
#1589=EDGE_LOOP('',(#607,#608,#609,#610));
#1590=EDGE_LOOP('',(#611,#612,#613,#614,#615,#616));
#1591=EDGE_LOOP('',(#617,#618,#619,#620));
#1592=EDGE_LOOP('',(#621,#622,#623,#624,#625,#626));
#1593=EDGE_LOOP('',(#627,#628,#629,#630));
#1594=EDGE_LOOP('',(#631,#632,#633,#634));
#1595=EDGE_LOOP('',(#635,#636,#637,#638));
#1596=EDGE_LOOP('',(#639,#640,#641,#642));
#1597=EDGE_LOOP('',(#643,#644,#645,#646));
#1598=EDGE_LOOP('',(#647,#648,#649,#650));
#1599=EDGE_LOOP('',(#651,#652,#653,#654));
#1600=EDGE_LOOP('',(#655,#656,#657,#658));
#1601=EDGE_LOOP('',(#659,#660,#661,#662));
#1602=EDGE_LOOP('',(#663,#664,#665,#666));
#1603=EDGE_LOOP('',(#667,#668,#669,#670));
#1604=EDGE_LOOP('',(#671,#672,#673,#674));
#1605=FACE_BOUND('',#1487,.T.);
#1606=FACE_BOUND('',#1488,.T.);
#1607=FACE_BOUND('',#1489,.T.);
#1608=FACE_BOUND('',#1490,.T.);
#1609=FACE_BOUND('',#1491,.T.);
#1610=FACE_BOUND('',#1492,.T.);
#1611=FACE_BOUND('',#1493,.T.);
#1612=FACE_BOUND('',#1494,.T.);
#1613=FACE_BOUND('',#1495,.T.);
#1614=FACE_BOUND('',#1496,.T.);
#1615=FACE_BOUND('',#1497,.T.);
#1616=FACE_BOUND('',#1498,.T.);
#1617=FACE_BOUND('',#1499,.T.);
#1618=FACE_BOUND('',#1500,.T.);
#1619=FACE_BOUND('',#1501,.T.);
#1620=FACE_BOUND('',#1502,.T.);
#1621=FACE_BOUND('',#1503,.T.);
#1622=FACE_BOUND('',#1504,.T.);
#1623=FACE_BOUND('',#1505,.T.);
#1624=FACE_BOUND('',#1506,.T.);
#1625=FACE_BOUND('',#1507,.T.);
#1626=FACE_BOUND('',#1508,.T.);
#1627=FACE_BOUND('',#1509,.T.);
#1628=FACE_BOUND('',#1510,.T.);
#1629=FACE_BOUND('',#1511,.T.);
#1630=FACE_BOUND('',#1512,.T.);
#1631=FACE_BOUND('',#1513,.T.);
#1632=FACE_BOUND('',#1514,.T.);
#1633=FACE_BOUND('',#1515,.T.);
#1634=FACE_BOUND('',#1516,.T.);
#1635=FACE_BOUND('',#1517,.T.);
#1636=FACE_BOUND('',#1518,.T.);
#1637=FACE_BOUND('',#1519,.T.);
#1638=FACE_BOUND('',#1520,.T.);
#1639=FACE_BOUND('',#1521,.T.);
#1640=FACE_BOUND('',#1522,.T.);
#1641=FACE_BOUND('',#1523,.T.);
#1642=FACE_BOUND('',#1524,.T.);
#1643=FACE_BOUND('',#1525,.T.);
#1644=FACE_BOUND('',#1526,.T.);
#1645=FACE_BOUND('',#1527,.T.);
#1646=FACE_BOUND('',#1528,.T.);
#1647=FACE_BOUND('',#1529,.T.);
#1648=FACE_BOUND('',#1530,.T.);
#1649=FACE_BOUND('',#1531,.T.);
#1650=FACE_BOUND('',#1532,.T.);
#1651=FACE_BOUND('',#1533,.T.);
#1652=FACE_BOUND('',#1534,.T.);
#1653=FACE_BOUND('',#1535,.T.);
#1654=FACE_BOUND('',#1536,.T.);
#1655=FACE_BOUND('',#1537,.T.);
#1656=FACE_BOUND('',#1538,.T.);
#1657=FACE_BOUND('',#1539,.T.);
#1658=FACE_BOUND('',#1540,.T.);
#1659=FACE_BOUND('',#1541,.T.);
#1660=FACE_BOUND('',#1542,.T.);
#1661=FACE_BOUND('',#1543,.T.);
#1662=FACE_BOUND('',#1544,.T.);
#1663=FACE_BOUND('',#1545,.T.);
#1664=FACE_BOUND('',#1546,.T.);
#1665=FACE_BOUND('',#1547,.T.);
#1666=FACE_BOUND('',#1548,.T.);
#1667=FACE_BOUND('',#1549,.T.);
#1668=FACE_BOUND('',#1550,.T.);
#1669=FACE_BOUND('',#1551,.T.);
#1670=FACE_BOUND('',#1552,.T.);
#1671=FACE_BOUND('',#1553,.T.);
#1672=FACE_BOUND('',#1554,.T.);
#1673=FACE_BOUND('',#1555,.T.);
#1674=FACE_BOUND('',#1556,.T.);
#1675=FACE_BOUND('',#1557,.T.);
#1676=FACE_BOUND('',#1558,.T.);
#1677=FACE_BOUND('',#1559,.T.);
#1678=FACE_BOUND('',#1560,.T.);
#1679=FACE_BOUND('',#1561,.T.);
#1680=FACE_BOUND('',#1562,.T.);
#1681=FACE_BOUND('',#1563,.T.);
#1682=FACE_BOUND('',#1564,.T.);
#1683=FACE_BOUND('',#1565,.T.);
#1684=FACE_BOUND('',#1566,.T.);
#1685=FACE_BOUND('',#1567,.T.);
#1686=FACE_BOUND('',#1568,.T.);
#1687=FACE_BOUND('',#1569,.T.);
#1688=FACE_BOUND('',#1570,.T.);
#1689=FACE_BOUND('',#1571,.T.);
#1690=FACE_BOUND('',#1572,.T.);
#1691=FACE_BOUND('',#1573,.T.);
#1692=FACE_BOUND('',#1574,.T.);
#1693=FACE_BOUND('',#1575,.T.);
#1694=FACE_BOUND('',#1576,.T.);
#1695=FACE_BOUND('',#1577,.T.);
#1696=FACE_BOUND('',#1578,.T.);
#1697=FACE_BOUND('',#1579,.T.);
#1698=FACE_BOUND('',#1580,.T.);
#1699=FACE_BOUND('',#1581,.T.);
#1700=FACE_BOUND('',#1582,.T.);
#1701=FACE_BOUND('',#1583,.T.);
#1702=FACE_BOUND('',#1584,.T.);
#1703=FACE_BOUND('',#1585,.T.);
#1704=FACE_BOUND('',#1586,.T.);
#1705=FACE_BOUND('',#1587,.T.);
#1706=FACE_BOUND('',#1588,.T.);
#1707=FACE_BOUND('',#1589,.T.);
#1708=FACE_BOUND('',#1590,.T.);
#1709=FACE_BOUND('',#1591,.T.);
#1710=FACE_BOUND('',#1592,.T.);
#1711=FACE_BOUND('',#1593,.T.);
#1712=FACE_BOUND('',#1594,.T.);
#1713=FACE_BOUND('',#1595,.T.);
#1714=FACE_BOUND('',#1596,.T.);
#1715=FACE_BOUND('',#1597,.T.);
#1716=FACE_BOUND('',#1598,.T.);
#1717=FACE_BOUND('',#1599,.T.);
#1718=FACE_BOUND('',#1600,.T.);
#1719=FACE_BOUND('',#1601,.T.);
#1720=FACE_BOUND('',#1602,.T.);
#1721=FACE_BOUND('',#1603,.T.);
#1722=FACE_BOUND('',#1604,.T.);
#1723=PLANE('',#1903);
#1724=PLANE('',#1904);
#1725=PLANE('',#1905);
#1726=PLANE('',#1906);
#1727=PLANE('',#1908);
#1728=PLANE('',#1910);
#1729=PLANE('',#1911);
#1730=PLANE('',#1912);
#1731=PLANE('',#1913);
#1732=PLANE('',#1914);
#1733=PLANE('',#1915);
#1734=PLANE('',#1916);
#1735=PLANE('',#1918);
#1736=PLANE('',#1920);
#1737=PLANE('',#1922);
#1738=PLANE('',#1924);
#1739=PLANE('',#1925);
#1740=PLANE('',#1930);
#1741=PLANE('',#1935);
#1742=PLANE('',#1939);
#1743=PLANE('',#1943);
#1744=PLANE('',#1947);
#1745=PLANE('',#1951);
#1746=PLANE('',#1954);
#1747=PLANE('',#1959);
#1748=PLANE('',#1964);
#1749=PLANE('',#1965);
#1750=PLANE('',#1966);
#1751=PLANE('',#1970);
#1752=PLANE('',#1974);
#1753=PLANE('',#1978);
#1754=PLANE('',#1982);
#1755=PLANE('',#1983);
#1756=PLANE('',#1985);
#1757=PLANE('',#1986);
#1758=PLANE('',#1987);
#1759=PLANE('',#1988);
#1760=PLANE('',#1990);
#1761=PLANE('',#1991);
#1762=PLANE('',#1992);
#1763=PLANE('',#1993);
#1764=PLANE('',#1994);
#1765=PLANE('',#1995);
#1766=PLANE('',#1996);
#1767=PLANE('',#1997);
#1768=PLANE('',#1998);
#1769=PLANE('',#1999);
#1770=PLANE('',#2000);
#1771=PLANE('',#2001);
#1772=PLANE('',#2002);
#1773=PLANE('',#2003);
#1774=PLANE('',#2004);
#1775=PLANE('',#2005);
#1776=PLANE('',#2006);
#1777=PLANE('',#2009);
#1778=PLANE('',#2012);
#1779=PLANE('',#2015);
#1780=PLANE('',#2018);
#1781=PLANE('',#2019);
#1782=PLANE('',#2020);
#1783=PLANE('',#2021);
#1784=PLANE('',#2022);
#1785=PLANE('',#2023);
#1786=PLANE('',#2024);
#1787=PLANE('',#2025);
#1788=PLANE('',#2026);
#1789=PLANE('',#2027);
#1790=PLANE('',#2028);
#1791=ADVANCED_FACE('',(#1605),#1723,.F.);
#1792=ADVANCED_FACE('',(#1606),#1724,.F.);
#1793=ADVANCED_FACE('',(#1607),#1725,.T.);
#1794=ADVANCED_FACE('',(#1608),#1726,.F.);
#1795=ADVANCED_FACE('',(#1609),#1727,.F.);
#1796=ADVANCED_FACE('',(#1610),#1728,.T.);
#1797=ADVANCED_FACE('',(#1611),#1729,.F.);
#1798=ADVANCED_FACE('',(#1612),#1730,.F.);
#1799=ADVANCED_FACE('',(#1613,#1614),#1731,.F.);
#1800=ADVANCED_FACE('',(#1615,#1616),#1732,.T.);
#1801=ADVANCED_FACE('',(#1617),#1733,.T.);
#1802=ADVANCED_FACE('',(#1618,#1619),#1734,.T.);
#1803=ADVANCED_FACE('',(#1620,#1621),#1735,.F.);
#1804=ADVANCED_FACE('',(#1622,#1623),#1736,.T.);
#1805=ADVANCED_FACE('',(#1624,#1625),#1737,.F.);
#1806=ADVANCED_FACE('',(#1626),#1738,.T.);
#1807=ADVANCED_FACE('',(#1627,#1628),#1739,.T.);
#1808=ADVANCED_FACE('',(#1629,#1630),#1740,.T.);
#1809=ADVANCED_FACE('',(#1631),#31,.T.);
#1810=ADVANCED_FACE('',(#1632),#32,.F.);
#1811=ADVANCED_FACE('',(#1633),#33,.T.);
#1812=ADVANCED_FACE('',(#1634),#34,.F.);
#1813=ADVANCED_FACE('',(#1635),#1741,.T.);
#1814=ADVANCED_FACE('',(#1636),#12,.F.);
#1815=ADVANCED_FACE('',(#1637),#1742,.T.);
#1816=ADVANCED_FACE('',(#1638),#13,.F.);
#1817=ADVANCED_FACE('',(#1639),#1743,.T.);
#1818=ADVANCED_FACE('',(#1640),#14,.F.);
#1819=ADVANCED_FACE('',(#1641),#1744,.T.);
#1820=ADVANCED_FACE('',(#1642),#15,.F.);
#1821=ADVANCED_FACE('',(#1643,#1644),#1745,.T.);
#1822=ADVANCED_FACE('',(#1645,#1646),#16,.F.);
#1823=ADVANCED_FACE('',(#1647,#1648),#17,.F.);
#1824=ADVANCED_FACE('',(#1649,#1650),#1746,.F.);
#1825=ADVANCED_FACE('',(#1651,#1652),#1747,.T.);
#1826=ADVANCED_FACE('',(#1653),#1748,.F.);
#1827=ADVANCED_FACE('',(#1654,#1655),#1749,.T.);
#1828=ADVANCED_FACE('',(#1656),#1750,.F.);
#1829=ADVANCED_FACE('',(#1657),#18,.T.);
#1830=ADVANCED_FACE('',(#1658),#1751,.T.);
#1831=ADVANCED_FACE('',(#1659),#19,.T.);
#1832=ADVANCED_FACE('',(#1660),#1752,.T.);
#1833=ADVANCED_FACE('',(#1661),#20,.T.);
#1834=ADVANCED_FACE('',(#1662),#1753,.F.);
#1835=ADVANCED_FACE('',(#1663),#21,.T.);
#1836=ADVANCED_FACE('',(#1664,#1665),#1754,.F.);
#1837=ADVANCED_FACE('',(#1666,#1667),#1755,.T.);
#1838=ADVANCED_FACE('',(#1668),#1756,.T.);
#1839=ADVANCED_FACE('',(#1669),#1757,.F.);
#1840=ADVANCED_FACE('',(#1670),#1758,.F.);
#1841=ADVANCED_FACE('',(#1671),#1759,.T.);
#1842=ADVANCED_FACE('',(#1672),#35,.F.);
#1843=ADVANCED_FACE('',(#1673),#36,.F.);
#1844=ADVANCED_FACE('',(#1674),#37,.F.);
#1845=ADVANCED_FACE('',(#1675),#38,.F.);
#1846=ADVANCED_FACE('',(#1676,#1677),#22,.F.);
#1847=ADVANCED_FACE('',(#1678),#1760,.T.);
#1848=ADVANCED_FACE('',(#1679),#1761,.F.);
#1849=ADVANCED_FACE('',(#1680),#1762,.F.);
#1850=ADVANCED_FACE('',(#1681),#1763,.F.);
#1851=ADVANCED_FACE('',(#1682),#1764,.F.);
#1852=ADVANCED_FACE('',(#1683),#1765,.T.);
#1853=ADVANCED_FACE('',(#1684),#1766,.T.);
#1854=ADVANCED_FACE('',(#1685),#1767,.T.);
#1855=ADVANCED_FACE('',(#1686),#1768,.F.);
#1856=ADVANCED_FACE('',(#1687),#1769,.F.);
#1857=ADVANCED_FACE('',(#1688),#1770,.T.);
#1858=ADVANCED_FACE('',(#1689,#1690),#1771,.T.);
#1859=ADVANCED_FACE('',(#1691),#1772,.F.);
#1860=ADVANCED_FACE('',(#1692),#1773,.F.);
#1861=ADVANCED_FACE('',(#1693),#1774,.F.);
#1862=ADVANCED_FACE('',(#1694),#1775,.T.);
#1863=ADVANCED_FACE('',(#1695),#1776,.T.);
#1864=ADVANCED_FACE('',(#1696),#39,.T.);
#1865=ADVANCED_FACE('',(#1697),#40,.T.);
#1866=ADVANCED_FACE('',(#1698),#41,.T.);
#1867=ADVANCED_FACE('',(#1699),#42,.T.);
#1868=ADVANCED_FACE('',(#1700),#23,.F.);
#1869=ADVANCED_FACE('',(#1701),#24,.F.);
#1870=ADVANCED_FACE('',(#1702),#1777,.F.);
#1871=ADVANCED_FACE('',(#1703),#25,.F.);
#1872=ADVANCED_FACE('',(#1704),#26,.F.);
#1873=ADVANCED_FACE('',(#1705,#1706),#1778,.F.);
#1874=ADVANCED_FACE('',(#1707),#27,.F.);
#1875=ADVANCED_FACE('',(#1708),#28,.F.);
#1876=ADVANCED_FACE('',(#1709),#1779,.F.);
#1877=ADVANCED_FACE('',(#1710),#29,.F.);
#1878=ADVANCED_FACE('',(#1711),#30,.F.);
#1879=ADVANCED_FACE('',(#1712),#1780,.F.);
#1880=ADVANCED_FACE('',(#1713),#1781,.T.);
#1881=ADVANCED_FACE('',(#1714),#1782,.F.);
#1882=ADVANCED_FACE('',(#1715),#1783,.F.);
#1883=ADVANCED_FACE('',(#1716),#1784,.T.);
#1884=ADVANCED_FACE('',(#1717),#1785,.T.);
#1885=ADVANCED_FACE('',(#1718),#1786,.T.);
#1886=ADVANCED_FACE('',(#1719),#1787,.F.);
#1887=ADVANCED_FACE('',(#1720),#1788,.F.);
#1888=ADVANCED_FACE('',(#1721),#1789,.T.);
#1889=ADVANCED_FACE('',(#1722),#1790,.T.);
#1890=CLOSED_SHELL('',(#1791,#1792,#1793,#1794,#1795,#1796,#1797,#1798,
#1799,#1800,#1801,#1802,#1803,#1804,#1805,#1806,#1807,#1808,#1809,#1810,
#1811,#1812,#1813,#1814,#1815,#1816,#1817,#1818,#1819,#1820,#1821,#1822,
#1823,#1824,#1825,#1826,#1827,#1828,#1829,#1830,#1831,#1832,#1833,#1834,
#1835,#1836,#1837,#1838,#1839,#1840,#1841,#1842,#1843,#1844,#1845,#1846,
#1847,#1848,#1849,#1850,#1851,#1852,#1853,#1854,#1855,#1856,#1857,#1858,
#1859,#1860,#1861,#1862,#1863,#1864,#1865,#1866,#1867,#1868,#1869,#1870,
#1871,#1872,#1873,#1874,#1875,#1876,#1877,#1878,#1879,#1880,#1881,#1882,
#1883,#1884,#1885,#1886,#1887,#1888,#1889));
#1891=STYLED_ITEM('',(#1892),#1899);
#1892=PRESENTATION_STYLE_ASSIGNMENT((#1893));
#1893=SURFACE_STYLE_USAGE(.BOTH.,#1894);
#1894=SURFACE_SIDE_STYLE('',(#1895));
#1895=SURFACE_STYLE_FILL_AREA(#1896);
#1896=FILL_AREA_STYLE('',(#1897));
#1897=FILL_AREA_STYLE_COLOUR('',#1898);
#1898=COLOUR_RGB('',0.615686274509804,0.811764705882353,0.929411764705882);
#1899=MANIFOLD_SOLID_BREP('Part 1',#1890);
#1900=SHAPE_DEFINITION_REPRESENTATION(#3349,#1901);
#1901=SHAPE_REPRESENTATION('Part 1',(#1902),#3344);
#1902=AXIS2_PLACEMENT_3D('',#2464,#2029,#2030);
#1903=AXIS2_PLACEMENT_3D('',#2465,#2031,#2032);
#1904=AXIS2_PLACEMENT_3D('',#2474,#2037,#2038);
#1905=AXIS2_PLACEMENT_3D('',#2489,#2041,#2042);
#1906=AXIS2_PLACEMENT_3D('',#2504,#2045,#2046);
#1907=AXIS2_PLACEMENT_3D('',#2510,#2049,#2050);
#1908=AXIS2_PLACEMENT_3D('',#2513,#2052,#2053);
#1909=AXIS2_PLACEMENT_3D('',#2527,#2060,#2061);
#1910=AXIS2_PLACEMENT_3D('',#2530,#2063,#2064);
#1911=AXIS2_PLACEMENT_3D('',#2533,#2067,#2068);
#1912=AXIS2_PLACEMENT_3D('',#2536,#2071,#2072);
#1913=AXIS2_PLACEMENT_3D('',#2559,#2079,#2080);
#1914=AXIS2_PLACEMENT_3D('',#2608,#2089,#2090);
#1915=AXIS2_PLACEMENT_3D('',#2660,#2096,#2097);
#1916=AXIS2_PLACEMENT_3D('',#2669,#2102,#2103);
#1917=AXIS2_PLACEMENT_3D('',#2670,#2104,#2105);
#1918=AXIS2_PLACEMENT_3D('',#2686,#2109,#2110);
#1919=AXIS2_PLACEMENT_3D('',#2687,#2111,#2112);
#1920=AXIS2_PLACEMENT_3D('',#2700,#2115,#2116);
#1921=AXIS2_PLACEMENT_3D('',#2701,#2117,#2118);
#1922=AXIS2_PLACEMENT_3D('',#2717,#2122,#2123);
#1923=AXIS2_PLACEMENT_3D('',#2718,#2124,#2125);
#1924=AXIS2_PLACEMENT_3D('',#2731,#2128,#2129);
#1925=AXIS2_PLACEMENT_3D('',#2740,#2132,#2133);
#1926=AXIS2_PLACEMENT_3D('',#2741,#2134,#2135);
#1927=AXIS2_PLACEMENT_3D('',#2746,#2137,#2138);
#1928=AXIS2_PLACEMENT_3D('',#2748,#2139,#2140);
#1929=AXIS2_PLACEMENT_3D('',#2749,#2141,#2142);
#1930=AXIS2_PLACEMENT_3D('',#2758,#2145,#2146);
#1931=AXIS2_PLACEMENT_3D('',#2759,#2147,#2148);
#1932=AXIS2_PLACEMENT_3D('',#2764,#2150,#2151);
#1933=AXIS2_PLACEMENT_3D('',#2766,#2152,#2153);
#1934=AXIS2_PLACEMENT_3D('',#2770,#2155,#2156);
#1935=AXIS2_PLACEMENT_3D('',#2823,#2165,#2166);
#1936=AXIS2_PLACEMENT_3D('',#2832,#2171,#2172);
#1937=AXIS2_PLACEMENT_3D('',#2833,#2173,#2174);
#1938=AXIS2_PLACEMENT_3D('',#2837,#2176,#2177);
#1939=AXIS2_PLACEMENT_3D('',#2838,#2178,#2179);
#1940=AXIS2_PLACEMENT_3D('',#2844,#2183,#2184);
#1941=AXIS2_PLACEMENT_3D('',#2845,#2185,#2186);
#1942=AXIS2_PLACEMENT_3D('',#2849,#2188,#2189);
#1943=AXIS2_PLACEMENT_3D('',#2850,#2190,#2191);
#1944=AXIS2_PLACEMENT_3D('',#2856,#2195,#2196);
#1945=AXIS2_PLACEMENT_3D('',#2857,#2197,#2198);
#1946=AXIS2_PLACEMENT_3D('',#2861,#2200,#2201);
#1947=AXIS2_PLACEMENT_3D('',#2862,#2202,#2203);
#1948=AXIS2_PLACEMENT_3D('',#2868,#2207,#2208);
#1949=AXIS2_PLACEMENT_3D('',#2869,#2209,#2210);
#1950=AXIS2_PLACEMENT_3D('',#2870,#2211,#2212);
#1951=AXIS2_PLACEMENT_3D('',#2871,#2213,#2214);
#1952=AXIS2_PLACEMENT_3D('',#2879,#2217,#2218);
#1953=AXIS2_PLACEMENT_3D('',#2880,#2219,#2220);
#1954=AXIS2_PLACEMENT_3D('',#2881,#2221,#2222);
#1955=AXIS2_PLACEMENT_3D('',#2885,#2224,#2225);
#1956=AXIS2_PLACEMENT_3D('',#2887,#2226,#2227);
#1957=AXIS2_PLACEMENT_3D('',#2891,#2229,#2230);
#1958=AXIS2_PLACEMENT_3D('',#2893,#2231,#2232);
#1959=AXIS2_PLACEMENT_3D('',#2896,#2235,#2236);
#1960=AXIS2_PLACEMENT_3D('',#2897,#2237,#2238);
#1961=AXIS2_PLACEMENT_3D('',#2900,#2239,#2240);
#1962=AXIS2_PLACEMENT_3D('',#2904,#2242,#2243);
#1963=AXIS2_PLACEMENT_3D('',#2906,#2244,#2245);
#1964=AXIS2_PLACEMENT_3D('',#2915,#2248,#2249);
#1965=AXIS2_PLACEMENT_3D('',#2933,#2257,#2258);
#1966=AXIS2_PLACEMENT_3D('',#2950,#2259,#2260);
#1967=AXIS2_PLACEMENT_3D('',#2959,#2265,#2266);
#1968=AXIS2_PLACEMENT_3D('',#2960,#2267,#2268);
#1969=AXIS2_PLACEMENT_3D('',#2962,#2269,#2270);
#1970=AXIS2_PLACEMENT_3D('',#2965,#2272,#2273);
#1971=AXIS2_PLACEMENT_3D('',#2971,#2277,#2278);
#1972=AXIS2_PLACEMENT_3D('',#2972,#2279,#2280);
#1973=AXIS2_PLACEMENT_3D('',#2974,#2281,#2282);
#1974=AXIS2_PLACEMENT_3D('',#2977,#2284,#2285);
#1975=AXIS2_PLACEMENT_3D('',#2983,#2289,#2290);
#1976=AXIS2_PLACEMENT_3D('',#2984,#2291,#2292);
#1977=AXIS2_PLACEMENT_3D('',#2986,#2293,#2294);
#1978=AXIS2_PLACEMENT_3D('',#2989,#2296,#2297);
#1979=AXIS2_PLACEMENT_3D('',#2995,#2301,#2302);
#1980=AXIS2_PLACEMENT_3D('',#2996,#2303,#2304);
#1981=AXIS2_PLACEMENT_3D('',#2997,#2305,#2306);
#1982=AXIS2_PLACEMENT_3D('',#2998,#2307,#2308);
#1983=AXIS2_PLACEMENT_3D('',#3027,#2309,#2310);
#1984=AXIS2_PLACEMENT_3D('',#3028,#2311,#2312);
#1985=AXIS2_PLACEMENT_3D('',#3030,#2313,#2314);
#1986=AXIS2_PLACEMENT_3D('',#3039,#2315,#2316);
#1987=AXIS2_PLACEMENT_3D('',#3048,#2317,#2318);
#1988=AXIS2_PLACEMENT_3D('',#3057,#2319,#2320);
#1989=AXIS2_PLACEMENT_3D('',#3141,#2322,#2323);
#1990=AXIS2_PLACEMENT_3D('',#3142,#2324,#2325);
#1991=AXIS2_PLACEMENT_3D('',#3146,#2328,#2329);
#1992=AXIS2_PLACEMENT_3D('',#3150,#2332,#2333);
#1993=AXIS2_PLACEMENT_3D('',#3152,#2335,#2336);
#1994=AXIS2_PLACEMENT_3D('',#3158,#2340,#2341);
#1995=AXIS2_PLACEMENT_3D('',#3164,#2345,#2346);
#1996=AXIS2_PLACEMENT_3D('',#3170,#2350,#2351);
#1997=AXIS2_PLACEMENT_3D('',#3174,#2354,#2355);
#1998=AXIS2_PLACEMENT_3D('',#3178,#2358,#2359);
#1999=AXIS2_PLACEMENT_3D('',#3180,#2361,#2362);
#2000=AXIS2_PLACEMENT_3D('',#3182,#2364,#2365);
#2001=AXIS2_PLACEMENT_3D('',#3184,#2367,#2368);
#2002=AXIS2_PLACEMENT_3D('',#3185,#2369,#2370);
#2003=AXIS2_PLACEMENT_3D('',#3194,#2373,#2374);
#2004=AXIS2_PLACEMENT_3D('',#3198,#2377,#2378);
#2005=AXIS2_PLACEMENT_3D('',#3205,#2380,#2381);
#2006=AXIS2_PLACEMENT_3D('',#3207,#2383,#2384);
#2007=AXIS2_PLACEMENT_3D('',#3272,#2385,#2386);
#2008=AXIS2_PLACEMENT_3D('',#3275,#2389,#2390);
#2009=AXIS2_PLACEMENT_3D('',#3277,#2392,#2393);
#2010=AXIS2_PLACEMENT_3D('',#3279,#2395,#2396);
#2011=AXIS2_PLACEMENT_3D('',#3281,#2398,#2399);
#2012=AXIS2_PLACEMENT_3D('',#3283,#2401,#2402);
#2013=AXIS2_PLACEMENT_3D('',#3292,#2407,#2408);
#2014=AXIS2_PLACEMENT_3D('',#3295,#2411,#2412);
#2015=AXIS2_PLACEMENT_3D('',#3299,#2415,#2416);
#2016=AXIS2_PLACEMENT_3D('',#3303,#2419,#2420);
#2017=AXIS2_PLACEMENT_3D('',#3306,#2423,#2424);
#2018=AXIS2_PLACEMENT_3D('',#3308,#2426,#2427);
#2019=AXIS2_PLACEMENT_3D('',#3309,#2428,#2429);
#2020=AXIS2_PLACEMENT_3D('',#3315,#2433,#2434);
#2021=AXIS2_PLACEMENT_3D('',#3319,#2437,#2438);
#2022=AXIS2_PLACEMENT_3D('',#3323,#2441,#2442);
#2023=AXIS2_PLACEMENT_3D('',#3325,#2444,#2445);
#2024=AXIS2_PLACEMENT_3D('',#3326,#2446,#2447);
#2025=AXIS2_PLACEMENT_3D('',#3332,#2451,#2452);
#2026=AXIS2_PLACEMENT_3D('',#3336,#2455,#2456);
#2027=AXIS2_PLACEMENT_3D('',#3340,#2459,#2460);
#2028=AXIS2_PLACEMENT_3D('',#3342,#2462,#2463);
#2029=DIRECTION('',(0.,0.,1.));
#2030=DIRECTION('',(1.,0.,0.));
#2031=DIRECTION('',(0.,1.,0.));
#2032=DIRECTION('',(0.,0.,1.));
#2033=DIRECTION('',(1.,0.,0.));
#2034=DIRECTION('',(0.,0.,-1.));
#2035=DIRECTION('',(1.,0.,0.));
#2036=DIRECTION('',(0.,0.,-1.));
#2037=DIRECTION('',(1.,0.,0.));
#2038=DIRECTION('',(0.,1.,0.));
#2039=DIRECTION('',(0.,0.,-1.));
#2040=DIRECTION('',(0.,0.,1.));
#2041=DIRECTION('',(0.,-1.,1.72096844531312E-16));
#2042=DIRECTION('',(0.,-1.72096844531312E-16,-1.));
#2043=DIRECTION('',(0.,-1.72096844531312E-16,-1.));
#2044=DIRECTION('',(0.,-1.72096844531312E-16,-1.));
#2045=DIRECTION('',(0.,1.,0.));
#2046=DIRECTION('',(-1.,0.,0.));
#2047=DIRECTION('',(-0.00188944930975935,0.,0.99999821498906));
#2048=DIRECTION('',(-1.,0.,4.95566907878681E-17));
#2049=DIRECTION('',(0.,1.,0.));
#2050=DIRECTION('',(0.,0.,-1.));
#2051=DIRECTION('',(-1.,0.,0.));
#2052=DIRECTION('',(0.,1.,0.));
#2053=DIRECTION('',(0.,0.,1.));
#2054=DIRECTION('',(-0.00188944930975935,0.,0.99999821498906));
#2055=DIRECTION('',(-1.,0.,-4.71912069409919E-17));
#2056=DIRECTION('',(0.,0.,-1.));
#2057=DIRECTION('',(1.,0.,1.88592191983228E-16));
#2058=DIRECTION('',(-0.00188944930975935,0.,0.99999821498906));
#2059=DIRECTION('',(1.,0.,0.));
#2060=DIRECTION('',(0.,1.,0.));
#2061=DIRECTION('',(0.,0.,1.));
#2062=DIRECTION('',(1.,0.,-4.95566907878681E-17));
#2063=DIRECTION('',(4.95566907878681E-17,0.,1.));
#2064=DIRECTION('',(1.,0.,-4.95566907878681E-17));
#2065=DIRECTION('',(0.,-1.,0.));
#2066=DIRECTION('',(0.,-1.,0.));
#2067=DIRECTION('',(0.,0.,1.));
#2068=DIRECTION('',(1.,0.,0.));
#2069=DIRECTION('',(0.,-1.,0.));
#2070=DIRECTION('',(0.,-1.,0.));
#2071=DIRECTION('',(1.,0.,0.));
#2072=DIRECTION('',(0.,1.,0.));
#2073=DIRECTION('',(0.,0.,1.));
#2074=DIRECTION('',(0.,0.,1.));
#2075=DIRECTION('',(0.,0.,1.));
#2076=DIRECTION('',(0.,-1.,0.));
#2077=DIRECTION('',(0.,0.,1.));
#2078=DIRECTION('',(0.,-1.,0.));
#2079=DIRECTION('',(1.,0.,0.));
#2080=DIRECTION('',(0.,1.,0.));
#2081=DIRECTION('',(0.,1.,0.));
#2082=DIRECTION('',(0.,0.,1.));
#2083=DIRECTION('',(0.,1.,0.));
#2084=DIRECTION('',(0.,0.,1.));
#2085=DIRECTION('',(0.,1.,0.));
#2086=DIRECTION('',(0.,-1.72096844531312E-16,-1.));
#2087=DIRECTION('',(0.,1.,0.));
#2088=DIRECTION('',(0.,-1.72096844531312E-16,-1.));
#2089=DIRECTION('',(1.,0.,0.));
#2090=DIRECTION('',(0.,1.,0.));
#2091=DIRECTION('',(0.,0.,-1.));
#2092=DIRECTION('',(0.,0.,1.));
#2093=DIRECTION('',(0.,-1.72096844531312E-16,-1.));
#2094=DIRECTION('',(0.,1.,0.));
#2095=DIRECTION('',(0.,1.,0.));
#2096=DIRECTION('',(0.,0.,-1.));
#2097=DIRECTION('',(-1.,0.,0.));
#2098=DIRECTION('',(0.,1.,0.));
#2099=DIRECTION('',(1.,0.,0.));
#2100=DIRECTION('',(0.,1.,0.));
#2101=DIRECTION('',(-1.,0.,0.));
#2102=DIRECTION('',(1.,0.,0.));
#2103=DIRECTION('',(0.,1.,0.));
#2104=DIRECTION('',(1.,0.,0.));
#2105=DIRECTION('',(0.,1.,0.));
#2106=DIRECTION('',(0.,0.,1.));
#2107=DIRECTION('',(0.,1.,0.));
#2108=DIRECTION('',(0.,0.,-1.));
#2109=DIRECTION('',(1.,0.,0.));
#2110=DIRECTION('',(0.,1.,0.));
#2111=DIRECTION('',(1.,0.,0.));
#2112=DIRECTION('',(0.,1.,0.));
#2113=DIRECTION('',(0.,0.,1.));
#2114=DIRECTION('',(0.,0.,-1.));
#2115=DIRECTION('',(-1.,0.,0.));
#2116=DIRECTION('',(0.,1.,0.));
#2117=DIRECTION('',(1.,0.,0.));
#2118=DIRECTION('',(0.,1.,0.));
#2119=DIRECTION('',(0.,1.,0.));
#2120=DIRECTION('',(0.,0.,-1.));
#2121=DIRECTION('',(0.,0.,1.));
#2122=DIRECTION('',(-1.,0.,0.));
#2123=DIRECTION('',(0.,1.,0.));
#2124=DIRECTION('',(1.,0.,0.));
#2125=DIRECTION('',(0.,1.,0.));
#2126=DIRECTION('',(0.,0.,-1.));
#2127=DIRECTION('',(0.,0.,1.));
#2128=DIRECTION('',(0.,0.,-1.));
#2129=DIRECTION('',(-1.,0.,0.));
#2130=DIRECTION('',(-1.,0.,0.));
#2131=DIRECTION('',(1.,0.,0.));
#2132=DIRECTION('',(0.,0.,-1.));
#2133=DIRECTION('',(-1.,0.,0.));
#2134=DIRECTION('',(0.,0.,-1.));
#2135=DIRECTION('',(-0.0598767682225203,-0.998205776694979,-3.01746996407523E-15));
#2136=DIRECTION('',(-1.,4.6735600971954E-17,0.));
#2137=DIRECTION('',(0.,0.,-1.));
#2138=DIRECTION('',(0.998696048662487,0.0510509783053717,0.));
#2139=DIRECTION('',(0.,0.,-1.));
#2140=DIRECTION('',(0.0602209105409378,0.998185073988597,0.));
#2141=DIRECTION('',(0.,0.,-1.));
#2142=DIRECTION('',(-0.998696055572852,-0.0510508431196441,0.));
#2143=DIRECTION('',(1.,0.,0.));
#2144=DIRECTION('',(-1.,0.,0.));
#2145=DIRECTION('',(0.,0.,1.));
#2146=DIRECTION('',(1.,0.,0.));
#2147=DIRECTION('',(0.,0.,1.));
#2148=DIRECTION('',(-0.3238721981667,0.946100839897455,0.));
#2149=DIRECTION('',(-1.,-4.33680868994202E-17,0.));
#2150=DIRECTION('',(0.,0.,1.));
#2151=DIRECTION('',(0.990538864833366,-0.137232493435871,-9.25185853854293E-15));
#2152=DIRECTION('',(0.,0.,1.));
#2153=DIRECTION('',(0.323872198166698,-0.946100839897455,0.));
#2154=DIRECTION('',(1.,2.16840434497101E-17,0.));
#2155=DIRECTION('',(0.,0.,1.));
#2156=DIRECTION('',(-0.990538864833366,0.137232493435875,0.));
#2157=DIRECTION('',(1.,0.,0.));
#2158=DIRECTION('',(-1.,0.,0.));
#2159=DIRECTION('',(-1.,0.,0.));
#2160=DIRECTION('',(-1.,0.,0.));
#2161=DIRECTION('',(1.,0.,0.));
#2162=DIRECTION('',(1.,0.,0.));
#2163=DIRECTION('',(-1.,0.,0.));
#2164=DIRECTION('',(1.,0.,0.));
#2165=DIRECTION('',(0.,0.,-1.));
#2166=DIRECTION('',(-1.,0.,0.));
#2167=DIRECTION('',(0.,-1.,0.));
#2168=DIRECTION('',(1.,0.,0.));
#2169=DIRECTION('',(0.,-1.,0.));
#2170=DIRECTION('',(-1.,0.,0.));
#2171=DIRECTION('',(0.,-1.,0.));
#2172=DIRECTION('',(0.,0.,-1.));
#2173=DIRECTION('',(0.,-1.,0.));
#2174=DIRECTION('',(-5.55111512312578E-15,0.,1.));
#2175=DIRECTION('',(0.,-1.,0.));
#2176=DIRECTION('',(0.,1.,0.));
#2177=DIRECTION('',(0.,0.,1.));
#2178=DIRECTION('',(1.,0.,-2.31296463463574E-16));
#2179=DIRECTION('',(-2.31296463463574E-16,0.,-1.));
#2180=DIRECTION('',(2.31296463463574E-16,0.,1.));
#2181=DIRECTION('',(0.,-1.,0.));
#2182=DIRECTION('',(-2.31296463463574E-16,0.,-1.));
#2183=DIRECTION('',(0.,-1.,0.));
#2184=DIRECTION('',(0.,0.,-1.));
#2185=DIRECTION('',(0.,-1.,0.));
#2186=DIRECTION('',(-1.,0.,0.));
#2187=DIRECTION('',(0.,-1.,0.));
#2188=DIRECTION('',(0.,1.,0.));
#2189=DIRECTION('',(0.,0.,1.));
#2190=DIRECTION('',(0.,0.,1.));
#2191=DIRECTION('',(1.,0.,0.));
#2192=DIRECTION('',(-1.,0.,0.));
#2193=DIRECTION('',(0.,-1.,0.));
#2194=DIRECTION('',(1.,0.,0.));
#2195=DIRECTION('',(0.,-1.,0.));
#2196=DIRECTION('',(0.,0.,-1.));
#2197=DIRECTION('',(0.,-1.,0.));
#2198=DIRECTION('',(0.,0.,-1.));
#2199=DIRECTION('',(0.,-1.,0.));
#2200=DIRECTION('',(0.,1.,0.));
#2201=DIRECTION('',(0.,0.,1.));
#2202=DIRECTION('',(-1.,0.,0.));
#2203=DIRECTION('',(0.,0.,1.));
#2204=DIRECTION('',(0.,0.,-1.));
#2205=DIRECTION('',(0.,-1.,0.));
#2206=DIRECTION('',(0.,0.,1.));
#2207=DIRECTION('',(0.,-1.,0.));
#2208=DIRECTION('',(0.,0.,-1.));
#2209=DIRECTION('',(0.,-1.,0.));
#2210=DIRECTION('',(1.,0.,-5.55111512312575E-15));
#2211=DIRECTION('',(0.,1.,0.));
#2212=DIRECTION('',(0.,0.,1.));
#2213=DIRECTION('',(0.,1.,0.));
#2214=DIRECTION('',(0.,0.,1.));
#2215=DIRECTION('',(1.,0.,0.));
#2216=DIRECTION('',(1.,0.,0.));
#2217=DIRECTION('',(-1.,0.,0.));
#2218=DIRECTION('',(0.,0.,1.));
#2219=DIRECTION('',(1.,0.,0.));
#2220=DIRECTION('',(0.,0.,1.));
#2221=DIRECTION('',(0.,0.,-1.));
#2222=DIRECTION('',(-1.,0.,0.));
#2223=DIRECTION('',(-1.,4.6735600971954E-17,0.));
#2224=DIRECTION('',(0.,0.,-1.));
#2225=DIRECTION('',(-0.0598767682225203,-0.998205776694979,-3.01746996407523E-15));
#2226=DIRECTION('',(0.,0.,-1.));
#2227=DIRECTION('',(-0.998696055572852,-0.0510508431196441,0.));
#2228=DIRECTION('',(1.,0.,0.));
#2229=DIRECTION('',(0.,0.,-1.));
#2230=DIRECTION('',(0.0602209105409378,0.998185073988597,0.));
#2231=DIRECTION('',(0.,0.,-1.));
#2232=DIRECTION('',(0.998696048662487,0.0510509783053717,0.));
#2233=DIRECTION('',(1.,0.,0.));
#2234=DIRECTION('',(0.,1.,0.));
#2235=DIRECTION('',(0.,0.,-1.));
#2236=DIRECTION('',(-1.,0.,0.));
#2237=DIRECTION('',(0.,0.,-1.));
#2238=DIRECTION('',(-1.,0.,0.));
#2239=DIRECTION('',(0.,0.,-1.));
#2240=DIRECTION('',(-1.,0.,0.));
#2241=DIRECTION('',(-1.,-2.16840434497101E-17,0.));
#2242=DIRECTION('',(0.,0.,-1.));
#2243=DIRECTION('',(-1.,0.,0.));
#2244=DIRECTION('',(0.,0.,-1.));
#2245=DIRECTION('',(-1.,0.,0.));
#2246=DIRECTION('',(1.,4.33680868994202E-17,0.));
#2247=DIRECTION('',(1.,0.,0.));
#2248=DIRECTION('',(0.,1.,0.));
#2249=DIRECTION('',(0.,0.,1.));
#2250=DIRECTION('',(1.,0.,0.));
#2251=DIRECTION('',(0.,0.,1.));
#2252=DIRECTION('',(1.,0.,0.));
#2253=DIRECTION('',(0.,0.,-1.));
#2254=DIRECTION('',(-1.,0.,-4.69915858499003E-17));
#2255=DIRECTION('',(0.,0.,1.));
#2256=DIRECTION('',(1.,0.,-4.95566907878681E-17));
#2257=DIRECTION('',(0.,-1.,0.));
#2258=DIRECTION('',(1.,0.,0.));
#2259=DIRECTION('',(0.999999973415439,0.,0.000230584305513751));
#2260=DIRECTION('',(0.000230584305513751,0.,-0.999999973415439));
#2261=DIRECTION('',(0.000230584305513751,0.,-0.999999973415439));
#2262=DIRECTION('',(0.,1.,0.));
#2263=DIRECTION('',(0.000230584305513751,0.,-0.999999973415439));
#2264=DIRECTION('',(0.,1.,0.));
#2265=DIRECTION('',(0.,1.,0.));
#2266=DIRECTION('',(0.,0.,1.));
#2267=DIRECTION('',(0.,1.,0.));
#2268=DIRECTION('',(-0.999948790588791,0.,0.010120088933075));
#2269=DIRECTION('',(0.,1.,0.));
#2270=DIRECTION('',(-0.999948790588791,0.,0.010120088933075));
#2271=DIRECTION('',(0.,1.,0.));
#2272=DIRECTION('',(0.,0.,1.));
#2273=DIRECTION('',(1.,0.,0.));
#2274=DIRECTION('',(1.,0.,0.));
#2275=DIRECTION('',(1.,0.,0.));
#2276=DIRECTION('',(0.,1.,0.));
#2277=DIRECTION('',(0.,1.,0.));
#2278=DIRECTION('',(0.,0.,1.));
#2279=DIRECTION('',(0.,1.,0.));
#2280=DIRECTION('',(-2.85028010157312E-15,-1.78142506348319E-16,1.));
#2281=DIRECTION('',(0.,1.,0.));
#2282=DIRECTION('',(-2.85028010157312E-15,-1.78142506348319E-16,1.));
#2283=DIRECTION('',(0.,1.,0.));
#2284=DIRECTION('',(1.,0.,0.));
#2285=DIRECTION('',(0.,0.,-1.));
#2286=DIRECTION('',(0.,0.,-1.));
#2287=DIRECTION('',(0.,0.,-1.));
#2288=DIRECTION('',(0.,1.,0.));
#2289=DIRECTION('',(0.,1.,0.));
#2290=DIRECTION('',(0.,0.,1.));
#2291=DIRECTION('',(0.,1.,0.));
#2292=DIRECTION('',(1.,0.,-5.01919835419703E-17));
#2293=DIRECTION('',(0.,1.,0.));
#2294=DIRECTION('',(1.,0.,-5.01919835419703E-17));
#2295=DIRECTION('',(0.,1.,0.));
#2296=DIRECTION('',(0.,0.,1.));
#2297=DIRECTION('',(1.,0.,0.));
#2298=DIRECTION('',(1.,0.,0.));
#2299=DIRECTION('',(1.,0.,0.));
#2300=DIRECTION('',(0.,1.,0.));
#2301=DIRECTION('',(0.,1.,0.));
#2302=DIRECTION('',(0.,0.,1.));
#2303=DIRECTION('',(0.,1.,0.));
#2304=DIRECTION('',(0.,2.02217010283443E-16,-1.));
#2305=DIRECTION('',(0.,1.,0.));
#2306=DIRECTION('',(0.,2.02217010283443E-16,-1.));
#2307=DIRECTION('',(0.,1.,0.));
#2308=DIRECTION('',(-1.,0.,0.));
#2309=DIRECTION('',(0.,1.,0.));
#2310=DIRECTION('',(0.,0.,1.));
#2311=DIRECTION('',(0.,1.,0.));
#2312=DIRECTION('',(0.,0.,-1.));
#2313=DIRECTION('',(0.,0.,-1.));
#2314=DIRECTION('',(-1.,0.,0.));
#2315=DIRECTION('',(0.,-1.,1.72096844531312E-16));
#2316=DIRECTION('',(0.,-1.72096844531312E-16,-1.));
#2317=DIRECTION('',(0.,0.,-1.));
#2318=DIRECTION('',(-1.,0.,0.));
#2319=DIRECTION('',(0.,-1.,1.72096844531312E-16));
#2320=DIRECTION('',(0.,-1.72096844531312E-16,-1.));
#2321=DIRECTION('',(0.,-1.72096844531312E-16,-1.));
#2322=DIRECTION('',(0.,1.,0.));
#2323=DIRECTION('',(0.,0.,1.));
#2324=DIRECTION('',(4.95566907878681E-17,0.,1.));
#2325=DIRECTION('',(1.,0.,-4.95566907878681E-17));
#2326=DIRECTION('',(0.,-1.,0.));
#2327=DIRECTION('',(-1.,0.,4.95566907878681E-17));
#2328=DIRECTION('',(0.,0.,1.));
#2329=DIRECTION('',(1.,0.,0.));
#2330=DIRECTION('',(-1.,0.,0.));
#2331=DIRECTION('',(0.,-1.,0.));
#2332=DIRECTION('',(0.,1.,0.));
#2333=DIRECTION('',(-1.,0.,0.));
#2334=DIRECTION('',(0.,0.,1.));
#2335=DIRECTION('',(4.71912069409919E-17,0.,-1.));
#2336=DIRECTION('',(-1.,0.,-4.71912069409919E-17));
#2337=DIRECTION('',(0.,1.,0.));
#2338=DIRECTION('',(0.,1.,0.));
#2339=DIRECTION('',(-1.,0.,-4.71912069409919E-17));
#2340=DIRECTION('',(-1.88592191983228E-16,0.,1.));
#2341=DIRECTION('',(1.,0.,1.88592191983228E-16));
#2342=DIRECTION('',(0.,1.,0.));
#2343=DIRECTION('',(0.,1.,0.));
#2344=DIRECTION('',(1.,0.,1.88592191983228E-16));
#2345=DIRECTION('',(4.69915858499003E-17,0.,-1.));
#2346=DIRECTION('',(-1.,0.,-4.69915858499003E-17));
#2347=DIRECTION('',(0.,1.,0.));
#2348=DIRECTION('',(-1.,0.,-4.69915858499003E-17));
#2349=DIRECTION('',(0.,1.,0.));
#2350=DIRECTION('',(1.,0.,0.));
#2351=DIRECTION('',(0.,0.,-1.));
#2352=DIRECTION('',(0.,1.,0.));
#2353=DIRECTION('',(0.,0.,-1.));
#2354=DIRECTION('',(0.,0.,1.));
#2355=DIRECTION('',(1.,0.,0.));
#2356=DIRECTION('',(0.,1.,0.));
#2357=DIRECTION('',(1.,0.,0.));
#2358=DIRECTION('',(1.,0.,0.));
#2359=DIRECTION('',(0.,0.,-1.));
#2360=DIRECTION('',(0.,0.,-1.));
#2361=DIRECTION('',(-0.99999821498906,0.,-0.00188944930975935));
#2362=DIRECTION('',(-0.00188944930975935,0.,0.99999821498906));
#2363=DIRECTION('',(-0.00188944930975935,0.,0.99999821498906));
#2364=DIRECTION('',(-1.,0.,0.));
#2365=DIRECTION('',(0.,0.,1.));
#2366=DIRECTION('',(0.,0.,1.));
#2367=DIRECTION('',(0.,-1.,0.));
#2368=DIRECTION('',(1.,0.,0.));
#2369=DIRECTION('',(0.,-1.72096844531312E-16,-1.));
#2370=DIRECTION('',(0.,1.,-1.72096844531312E-16));
#2371=DIRECTION('',(0.,1.,-1.72096844531312E-16));
#2372=DIRECTION('',(0.,1.,-1.72096844531312E-16));
#2373=DIRECTION('',(1.,0.,0.));
#2374=DIRECTION('',(0.,0.,-1.));
#2375=DIRECTION('',(0.,1.,-1.72096844531312E-16));
#2376=DIRECTION('',(0.,-1.72096844531312E-16,-1.));
#2377=DIRECTION('',(0.,1.72096844531312E-16,1.));
#2378=DIRECTION('',(0.,-1.,1.72096844531312E-16));
#2379=DIRECTION('',(0.,1.,-1.72096844531312E-16));
#2380=DIRECTION('',(1.,0.,0.));
#2381=DIRECTION('',(0.,0.,-1.));
#2382=DIRECTION('',(0.,-1.72096844531312E-16,-1.));
#2383=DIRECTION('',(0.,-1.,1.72096844531312E-16));
#2384=DIRECTION('',(1.,0.,0.));
#2385=DIRECTION('',(0.,0.,1.));
#2386=DIRECTION('',(1.,0.,0.));
#2387=DIRECTION('',(0.,0.,1.));
#2388=DIRECTION('',(0.,0.,1.));
#2389=DIRECTION('',(0.,0.,1.));
#2390=DIRECTION('',(1.,0.,0.));
#2391=DIRECTION('',(0.,0.,1.));
#2392=DIRECTION('',(2.16840434497101E-17,-1.,0.));
#2393=DIRECTION('',(1.,2.16840434497101E-17,0.));
#2394=DIRECTION('',(0.,0.,1.));
#2395=DIRECTION('',(0.,0.,1.));
#2396=DIRECTION('',(1.,0.,0.));
#2397=DIRECTION('',(0.,0.,1.));
#2398=DIRECTION('',(0.,0.,1.));
#2399=DIRECTION('',(1.,0.,0.));
#2400=DIRECTION('',(0.,0.,1.));
#2401=DIRECTION('',(-4.33680868994202E-17,1.,0.));
#2402=DIRECTION('',(-1.,-4.33680868994202E-17,0.));
#2403=DIRECTION('',(0.,0.,-1.));
#2404=DIRECTION('',(1.,4.33680868994202E-17,0.));
#2405=DIRECTION('',(0.,0.,-1.));
#2406=DIRECTION('',(1.,4.33680868994202E-17,0.));
#2407=DIRECTION('',(0.,0.,-1.));
#2408=DIRECTION('',(-1.,0.,0.));
#2409=DIRECTION('',(0.,0.,-1.));
#2410=DIRECTION('',(0.,0.,-1.));
#2411=DIRECTION('',(0.,0.,-1.));
#2412=DIRECTION('',(-1.,0.,0.));
#2413=DIRECTION('',(0.,0.,-1.));
#2414=DIRECTION('',(0.,0.,-1.));
#2415=DIRECTION('',(0.,1.,0.));
#2416=DIRECTION('',(0.,0.,1.));
#2417=DIRECTION('',(1.,0.,0.));
#2418=DIRECTION('',(0.,0.,-1.));
#2419=DIRECTION('',(0.,0.,-1.));
#2420=DIRECTION('',(-1.,0.,0.));
#2421=DIRECTION('',(0.,0.,-1.));
#2422=DIRECTION('',(0.,0.,-1.));
#2423=DIRECTION('',(0.,0.,-1.));
#2424=DIRECTION('',(-1.,0.,0.));
#2425=DIRECTION('',(0.,0.,-1.));
#2426=DIRECTION('',(-4.6735600971954E-17,-1.,0.));
#2427=DIRECTION('',(1.,-4.6735600971954E-17,0.));
#2428=DIRECTION('',(0.,0.,1.));
#2429=DIRECTION('',(1.,0.,0.));
#2430=DIRECTION('',(-4.33680868994202E-17,1.,0.));
#2431=DIRECTION('',(1.,4.33680868994202E-17,0.));
#2432=DIRECTION('',(-4.33680868994202E-17,1.,0.));
#2433=DIRECTION('',(1.,4.33680868994202E-17,0.));
#2434=DIRECTION('',(-4.33680868994202E-17,1.,0.));
#2435=DIRECTION('',(-4.33680868994202E-17,1.,0.));
#2436=DIRECTION('',(0.,0.,-1.));
#2437=DIRECTION('',(0.,0.,1.));
#2438=DIRECTION('',(1.,0.,0.));
#2439=DIRECTION('',(-4.33680868994202E-17,1.,0.));
#2440=DIRECTION('',(1.,4.33680868994202E-17,0.));
#2441=DIRECTION('',(1.,4.33680868994202E-17,0.));
#2442=DIRECTION('',(-4.33680868994202E-17,1.,0.));
#2443=DIRECTION('',(0.,0.,-1.));
#2444=DIRECTION('',(4.33680868994202E-17,-1.,0.));
#2445=DIRECTION('',(1.,4.33680868994202E-17,0.));
#2446=DIRECTION('',(0.,0.,1.));
#2447=DIRECTION('',(1.,0.,0.));
#2448=DIRECTION('',(0.,1.,0.));
#2449=DIRECTION('',(1.,0.,0.));
#2450=DIRECTION('',(0.,1.,0.));
#2451=DIRECTION('',(1.,0.,0.));
#2452=DIRECTION('',(0.,0.,-1.));
#2453=DIRECTION('',(0.,1.,0.));
#2454=DIRECTION('',(0.,0.,-1.));
#2455=DIRECTION('',(0.,0.,1.));
#2456=DIRECTION('',(1.,0.,0.));
#2457=DIRECTION('',(0.,1.,0.));
#2458=DIRECTION('',(1.,0.,0.));
#2459=DIRECTION('',(1.,0.,0.));
#2460=DIRECTION('',(0.,0.,-1.));
#2461=DIRECTION('',(0.,0.,-1.));
#2462=DIRECTION('',(0.,-1.,0.));
#2463=DIRECTION('',(1.,0.,0.));
#2464=CARTESIAN_POINT('',(0.,0.,0.));
#2465=CARTESIAN_POINT('',(0.033643166560579,0.00197911725465208,0.0185));
#2466=CARTESIAN_POINT('',(0.033643166560579,0.00197911725465208,0.0174040254343713));
#2467=CARTESIAN_POINT('',(0.0243637123548985,0.00197911725465208,0.0174040254343713));
#2468=CARTESIAN_POINT('',(0.0429226207662594,0.00197911725465208,0.0174040254343713));
#2469=CARTESIAN_POINT('',(0.0243637123548985,0.00197911725465208,0.0185));
#2470=CARTESIAN_POINT('',(0.0243637123548985,0.00197911725465208,0.0165));
#2471=CARTESIAN_POINT('',(0.033643166560579,0.00197911725465208,0.0165));
#2472=CARTESIAN_POINT('',(0.0429226207662594,0.00197911725465208,0.0165));
#2473=CARTESIAN_POINT('',(0.0429226207662594,0.00197911725465208,0.0185));
#2474=CARTESIAN_POINT('',(-0.079,-6.93889390390723E-18,0.05675));
#2475=CARTESIAN_POINT('',(-0.079,-0.0068,0.05675));
#2476=CARTESIAN_POINT('',(-0.079,-0.0068,0.095));
#2477=CARTESIAN_POINT('',(-0.079,-0.0068,0.0185));
#2478=CARTESIAN_POINT('',(-0.079,-0.00680000000000001,0.095));
#2479=CARTESIAN_POINT('',(-0.079,-0.00608333333333334,0.095));
#2480=CARTESIAN_POINT('',(-0.079,-0.00536666666666667,0.095));
#2481=CARTESIAN_POINT('',(-0.079,-0.00465000000000001,0.095));
#2482=CARTESIAN_POINT('',(-0.079,-0.00465,0.095));
#2483=CARTESIAN_POINT('',(-0.079,-0.00465,0.057));
#2484=CARTESIAN_POINT('',(-0.079,-0.00465,0.0185));
#2485=CARTESIAN_POINT('',(-0.079,-0.00465000000000001,0.0185));
#2486=CARTESIAN_POINT('',(-0.079,-0.00536666666666671,0.0185));
#2487=CARTESIAN_POINT('',(-0.079,-0.00608333333333341,0.0185));
#2488=CARTESIAN_POINT('',(-0.079,-0.00680000000000012,0.0185));
#2489=CARTESIAN_POINT('',(0.075,0.00391669990494849,0.05675));
#2490=CARTESIAN_POINT('',(0.0770000000000001,0.0039166999049485,0.0900297413715167));
#2491=CARTESIAN_POINT('',(0.0767384869654974,0.0039166999049485,0.0900297413715167));
#2492=CARTESIAN_POINT('',(0.0764769739309946,0.0039166999049485,0.0900297413715167));
#2493=CARTESIAN_POINT('',(0.0762154608964919,0.0039166999049485,0.0900297413715167));
#2494=CARTESIAN_POINT('',(0.077,0.00391669990494849,0.0900297413715167));
#2495=CARTESIAN_POINT('',(0.0762154608964919,0.00391669990494849,0.0900297413715167));
#2496=CARTESIAN_POINT('',(0.076215460896492,0.00391669990494849,0.0565984435379505));
#2497=CARTESIAN_POINT('',(0.0762170233964919,0.00391669990494849,0.0234702586284833));
#2498=CARTESIAN_POINT('',(0.0762170233964919,0.00391669990494848,0.0234702586284833));
#2499=CARTESIAN_POINT('',(0.0764780155976613,0.00391669990494848,0.0234702586284833));
#2500=CARTESIAN_POINT('',(0.0767390077988307,0.00391669990494848,0.0234702586284833));
#2501=CARTESIAN_POINT('',(0.0770000000000001,0.00391669990494848,0.0234702586284833));
#2502=CARTESIAN_POINT('',(0.077,0.00391669990494849,0.0234702586284833));
#2503=CARTESIAN_POINT('',(0.077,0.00391669990494849,0.05675));
#2504=CARTESIAN_POINT('',(-0.000348847155021314,0.005,0.0557857345088335));
#2505=CARTESIAN_POINT('',(-0.0757393365369676,0.005,0.0563281065207719));
#2506=CARTESIAN_POINT('',(-0.0756788915832189,0.005,0.0243373854458332));
#2507=CARTESIAN_POINT('',(-0.0757091228261382,0.005,0.0403373854458332));
#2508=CARTESIAN_POINT('',(-0.00900965052843092,0.005,0.0243373854458332));
#2509=CARTESIAN_POINT('',(0.0610000070333481,0.005,0.0243373854458332));
#2510=CARTESIAN_POINT('',(0.0610000070333481,0.005,0.0323373854458332));
#2511=CARTESIAN_POINT('',(0.0610000070333481,0.005,0.0403373854458332));
#2512=CARTESIAN_POINT('',(-0.00900965052843093,0.005,0.0403373854458332));
#2513=CARTESIAN_POINT('',(-0.079,0.00465,0.057));
#2514=CARTESIAN_POINT('',(-0.0757406176840016,0.00465,0.0570061584486601));
#2515=CARTESIAN_POINT('',(-0.0756720378994942,0.00465,0.0207100473344326));
#2516=CARTESIAN_POINT('',(-0.075678891583219,0.00465,0.0243373854458332));
#2517=CARTESIAN_POINT('',(-0.079,0.00465,0.0207100473344326));
#2518=CARTESIAN_POINT('',(0.0713658183813095,0.00465,0.0207100473344326));
#2519=CARTESIAN_POINT('',(0.0713658183813095,0.00465,0.057));
#2520=CARTESIAN_POINT('',(0.0713658183813095,0.00465,0.0919461657071113));
#2521=CARTESIAN_POINT('',(-0.079,0.00465,0.0919461657071112));
#2522=CARTESIAN_POINT('',(-0.075806635174441,0.00465,0.0919461657071112));
#2523=CARTESIAN_POINT('',(-0.0757406176840016,0.00465,0.0570061584486601));
#2524=CARTESIAN_POINT('',(-0.0757091228261382,0.00465,0.0403373854458332));
#2525=CARTESIAN_POINT('',(-0.079,0.00465,0.0403373854458332));
#2526=CARTESIAN_POINT('',(0.0610000070333481,0.00465,0.0403373854458332));
#2527=CARTESIAN_POINT('',(0.0610000070333481,0.00465,0.0323373854458332));
#2528=CARTESIAN_POINT('',(0.0610000070333481,0.00465,0.0243373854458332));
#2529=CARTESIAN_POINT('',(-0.079,0.00465,0.0243373854458332));
#2530=CARTESIAN_POINT('',(-0.00900965052843092,0.005,0.0243373854458332));
#2531=CARTESIAN_POINT('',(-0.075678891583219,0.005,0.0243373854458332));
#2532=CARTESIAN_POINT('',(0.0610000070333481,0.005,0.0243373854458332));
#2533=CARTESIAN_POINT('',(-0.00900965052843093,0.005,0.0403373854458332));
#2534=CARTESIAN_POINT('',(-0.0757091228261382,0.005,0.0403373854458332));
#2535=CARTESIAN_POINT('',(0.0610000070333481,0.005,0.0403373854458332));
#2536=CARTESIAN_POINT('',(-0.079,-6.93889390390723E-18,0.05675));
#2537=CARTESIAN_POINT('',(-0.079,0.00465,0.057));
#2538=CARTESIAN_POINT('',(-0.079,0.00465,0.0403373854458332));
#2539=CARTESIAN_POINT('',(-0.079,0.00465,0.095));
#2540=CARTESIAN_POINT('',(-0.079,0.00464999999999999,0.095));
#2541=CARTESIAN_POINT('',(-0.079,0.00499999999999999,0.095));
#2542=CARTESIAN_POINT('',(-0.079,0.00534999999999999,0.095));
#2543=CARTESIAN_POINT('',(-0.079,0.00569999999999999,0.095));
#2544=CARTESIAN_POINT('',(-0.079,0.0057,0.095));
#2545=CARTESIAN_POINT('',(-0.079,0.0057,0.05675));
#2546=CARTESIAN_POINT('',(-0.079,0.0057,0.0185));
#2547=CARTESIAN_POINT('',(-0.079,0.00569999999999999,0.0185));
#2548=CARTESIAN_POINT('',(-0.079,0.00534999999999999,0.0185));
#2549=CARTESIAN_POINT('',(-0.079,0.00499999999999999,0.0185));
#2550=CARTESIAN_POINT('',(-0.079,0.00464999999999999,0.0185));
#2551=CARTESIAN_POINT('',(-0.079,0.00465,0.0185));
#2552=CARTESIAN_POINT('',(-0.079,0.00465,0.057));
#2553=CARTESIAN_POINT('',(-0.079,0.00465,0.0243373854458332));
#2554=CARTESIAN_POINT('',(-0.079,-6.93889390390723E-18,0.0243373854458332));
#2555=CARTESIAN_POINT('',(-0.079,0.005,0.0243373854458332));
#2556=CARTESIAN_POINT('',(-0.079,0.005,0.05675));
#2557=CARTESIAN_POINT('',(-0.079,0.005,0.0403373854458332));
#2558=CARTESIAN_POINT('',(-0.079,-6.93889390390723E-18,0.0403373854458332));
#2559=CARTESIAN_POINT('',(0.075,-6.93889390390723E-18,0.05675));
#2560=CARTESIAN_POINT('',(0.075,-8.67361737988404E-19,0.0185));
#2561=CARTESIAN_POINT('',(0.075,-0.00465,0.0185));
#2562=CARTESIAN_POINT('',(0.075,0.00465,0.0185));
#2563=CARTESIAN_POINT('',(0.075,-0.00465,0.057));
#2564=CARTESIAN_POINT('',(0.075,-0.00465,0.0955));
#2565=CARTESIAN_POINT('',(0.075,-1.90819582357449E-17,0.0955));
#2566=CARTESIAN_POINT('',(0.075,0.00465,0.0955));
#2567=CARTESIAN_POINT('',(0.075,0.00465,0.057));
#2568=CARTESIAN_POINT('',(0.075,-1.7347234759768E-17,0.0920297413715167));
#2569=CARTESIAN_POINT('',(0.075,-0.00191669990494853,0.0920297413715167));
#2570=CARTESIAN_POINT('',(0.075,0.0019166999049485,0.0920297413715167));
#2571=CARTESIAN_POINT('',(0.075,-0.00191669990494853,0.0920297413715167));
#2572=CARTESIAN_POINT('',(0.075,-0.00218790547022865,0.0920297413715167));
#2573=CARTESIAN_POINT('',(0.075,-0.00273310098722082,0.0919936777000238));
#2574=CARTESIAN_POINT('',(0.075,-0.00347054959010646,0.0915857494939995));
#2575=CARTESIAN_POINT('',(0.075,-0.00388113545326877,0.0908455348694096));
#2576=CARTESIAN_POINT('',(0.075,-0.00391669990494853,0.0903018250780129));
#2577=CARTESIAN_POINT('',(0.075,-0.00391669990494853,0.0900297413715167));
#2578=CARTESIAN_POINT('',(0.075,-0.00391669990494853,0.0900297413715167));
#2579=CARTESIAN_POINT('',(0.075,-0.00391669990494853,0.05675));
#2580=CARTESIAN_POINT('',(0.075,-0.00391669990494854,0.0234702586284833));
#2581=CARTESIAN_POINT('',(0.075,-0.00391669990494854,0.0234702586284833));
#2582=CARTESIAN_POINT('',(0.075,-0.00391669990494854,0.0231990530632032));
#2583=CARTESIAN_POINT('',(0.075,-0.00388063623345568,0.022653857546211));
#2584=CARTESIAN_POINT('',(0.075,-0.00347270802743131,0.0219164089433254));
#2585=CARTESIAN_POINT('',(0.075,-0.00273249340284136,0.0215058230801631));
#2586=CARTESIAN_POINT('',(0.075,-0.00218878361144474,0.0214702586284833));
#2587=CARTESIAN_POINT('',(0.075,-0.00191669990494854,0.0214702586284833));
#2588=CARTESIAN_POINT('',(0.075,-0.00191669990494854,0.0214702586284833));
#2589=CARTESIAN_POINT('',(0.075,-3.03576608295941E-17,0.0214702586284833));
#2590=CARTESIAN_POINT('',(0.075,0.00191669990494849,0.0214702586284833));
#2591=CARTESIAN_POINT('',(0.075,0.00191669990494849,0.0214702586284833));
#2592=CARTESIAN_POINT('',(0.075,0.00218790547022861,0.0214702586284833));
#2593=CARTESIAN_POINT('',(0.075,0.00273310098722079,0.0215063222999761));
#2594=CARTESIAN_POINT('',(0.075,0.00347054959010641,0.0219142505060005));
#2595=CARTESIAN_POINT('',(0.075,0.00388113545326873,0.0226544651305905));
#2596=CARTESIAN_POINT('',(0.075,0.00391669990494849,0.0231981749219871));
#2597=CARTESIAN_POINT('',(0.075,0.00391669990494849,0.0234702586284833));
#2598=CARTESIAN_POINT('',(0.075,0.00391669990494849,0.0234702586284833));
#2599=CARTESIAN_POINT('',(0.075,0.00391669990494849,0.05675));
#2600=CARTESIAN_POINT('',(0.075,0.00391669990494849,0.0900297413715167));
#2601=CARTESIAN_POINT('',(0.075,0.0039166999049485,0.0900297413715167));
#2602=CARTESIAN_POINT('',(0.075,0.00391669990494849,0.0903009469367968));
#2603=CARTESIAN_POINT('',(0.075,0.00388063623345564,0.090846142453789));
#2604=CARTESIAN_POINT('',(0.075,0.00347270802743129,0.0915835910566747));
#2605=CARTESIAN_POINT('',(0.075,0.00273249340284127,0.0919941769198369));
#2606=CARTESIAN_POINT('',(0.075,0.00218878361144471,0.0920297413715167));
#2607=CARTESIAN_POINT('',(0.075,0.0019166999049485,0.0920297413715167));
#2608=CARTESIAN_POINT('',(0.077,-6.93889390390723E-18,0.05675));
#2609=CARTESIAN_POINT('',(0.077,-0.0068,0.05675));
#2610=CARTESIAN_POINT('',(0.077,-0.0068,0.095));
#2611=CARTESIAN_POINT('',(0.077,-0.0068,0.0185));
#2612=CARTESIAN_POINT('',(0.077,-0.00680000000000001,0.0185));
#2613=CARTESIAN_POINT('',(0.077,-0.00263333333333334,0.0185));
#2614=CARTESIAN_POINT('',(0.077,0.00153333333333333,0.0185));
#2615=CARTESIAN_POINT('',(0.077,0.00569999999999999,0.0185));
#2616=CARTESIAN_POINT('',(0.077,0.0057,0.0185));
#2617=CARTESIAN_POINT('',(0.077,0.0057,0.05675));
#2618=CARTESIAN_POINT('',(0.077,0.0057,0.095));
#2619=CARTESIAN_POINT('',(0.077,0.00569999999999999,0.095));
#2620=CARTESIAN_POINT('',(0.077,0.00153333333333333,0.095));
#2621=CARTESIAN_POINT('',(0.077,-0.00263333333333334,0.095));
#2622=CARTESIAN_POINT('',(0.077,-0.00680000000000001,0.095));
#2623=CARTESIAN_POINT('',(0.077,-0.00391669990494853,0.05675));
#2624=CARTESIAN_POINT('',(0.077,-0.00391669990494853,0.0900297413715167));
#2625=CARTESIAN_POINT('',(0.077,-0.00391669990494854,0.0234702586284833));
#2626=CARTESIAN_POINT('',(0.077,-0.00391669990494853,0.0900297413715167));
#2627=CARTESIAN_POINT('',(0.077,-0.00391669990494853,0.0903009469367968));
#2628=CARTESIAN_POINT('',(0.0770000000000001,-0.00388063623345567,0.090846142453789));
#2629=CARTESIAN_POINT('',(0.077,-0.00347270802743136,0.0915835910566747));
#2630=CARTESIAN_POINT('',(0.077,-0.00273249340284139,0.0919941769198369));
#2631=CARTESIAN_POINT('',(0.077,-0.00218878361144473,0.0920297413715167));
#2632=CARTESIAN_POINT('',(0.077,-0.00191669990494853,0.0920297413715167));
#2633=CARTESIAN_POINT('',(0.077,-0.00191669990494853,0.0920297413715167));
#2634=CARTESIAN_POINT('',(0.077,-1.7347234759768E-17,0.0920297413715167));
#2635=CARTESIAN_POINT('',(0.077,0.0019166999049485,0.0920297413715167));
#2636=CARTESIAN_POINT('',(0.077,0.0019166999049485,0.0920297413715167));
#2637=CARTESIAN_POINT('',(0.077,0.00218790547022861,0.0920297413715167));
#2638=CARTESIAN_POINT('',(0.0770000000000001,0.00273310098722078,0.0919936777000238));
#2639=CARTESIAN_POINT('',(0.077,0.00347054959010643,0.0915857494939995));
#2640=CARTESIAN_POINT('',(0.0770000000000001,0.00388113545326874,0.0908455348694095));
#2641=CARTESIAN_POINT('',(0.077,0.0039166999049485,0.0903018250780129));
#2642=CARTESIAN_POINT('',(0.077,0.0039166999049485,0.0900297413715167));
#2643=CARTESIAN_POINT('',(0.077,0.00391669990494849,0.0234702586284833));
#2644=CARTESIAN_POINT('',(0.077,0.00391669990494849,0.0231990530632032));
#2645=CARTESIAN_POINT('',(0.0770000000000001,0.00388063623345564,0.022653857546211));
#2646=CARTESIAN_POINT('',(0.0769999999999999,0.00347270802743125,0.0219164089433254));
#2647=CARTESIAN_POINT('',(0.077,0.00273249340284133,0.0215058230801631));
#2648=CARTESIAN_POINT('',(0.077,0.00218878361144468,0.0214702586284833));
#2649=CARTESIAN_POINT('',(0.077,0.00191669990494849,0.0214702586284833));
#2650=CARTESIAN_POINT('',(0.077,0.00191669990494849,0.0214702586284833));
#2651=CARTESIAN_POINT('',(0.077,-3.03576608295941E-17,0.0214702586284833));
#2652=CARTESIAN_POINT('',(0.077,-0.00191669990494854,0.0214702586284833));
#2653=CARTESIAN_POINT('',(0.077,-0.00191669990494854,0.0214702586284833));
#2654=CARTESIAN_POINT('',(0.077,-0.00218790547022866,0.0214702586284833));
#2655=CARTESIAN_POINT('',(0.0770000000000001,-0.00273310098722085,0.0215063222999762));
#2656=CARTESIAN_POINT('',(0.077,-0.00347054959010645,0.0219142505060005));
#2657=CARTESIAN_POINT('',(0.077,-0.00388113545326878,0.0226544651305905));
#2658=CARTESIAN_POINT('',(0.077,-0.00391669990494854,0.0231981749219871));
#2659=CARTESIAN_POINT('',(0.077,-0.00391669990494854,0.0234702586284833));
#2660=CARTESIAN_POINT('',(-0.079,-0.006325,0.0165));
#2661=CARTESIAN_POINT('',(-0.003,0.,0.0165));
#2662=CARTESIAN_POINT('',(-0.003,-0.0068,0.0165));
#2663=CARTESIAN_POINT('',(-0.003,0.0057,0.0165));
#2664=CARTESIAN_POINT('',(-0.079,0.0057,0.0165));
#2665=CARTESIAN_POINT('',(0.,0.0057,0.0165));
#2666=CARTESIAN_POINT('',(0.,0.,0.0165));
#2667=CARTESIAN_POINT('',(0.,-0.0068,0.0165));
#2668=CARTESIAN_POINT('',(-0.079,-0.0068,0.0165));
#2669=CARTESIAN_POINT('',(0.003,0.,0.00825));
#2670=CARTESIAN_POINT('',(0.003,4.33680868994202E-19,0.0055));
#2671=CARTESIAN_POINT('',(0.003,0.0025,0.0055));
#2672=CARTESIAN_POINT('',(0.003,0.008,0.0081764217466116));
#2673=CARTESIAN_POINT('',(0.003,0.008,0.));
#2674=CARTESIAN_POINT('',(0.003,0.,0.));
#2675=CARTESIAN_POINT('',(0.003,0.0057,0.00175890751690908));
#2676=CARTESIAN_POINT('',(0.003,0.,0.));
#2677=CARTESIAN_POINT('',(0.003,0.0057,0.00825));
#2678=CARTESIAN_POINT('',(0.003,0.0057,0.0165));
#2679=CARTESIAN_POINT('',(0.003,0.,0.0165));
#2680=CARTESIAN_POINT('',(0.003,-0.0068,0.0165));
#2681=CARTESIAN_POINT('',(0.003,-0.0068,0.00825));
#2682=CARTESIAN_POINT('',(0.003,-0.0068,0.00306945595736436));
#2683=CARTESIAN_POINT('',(0.003,0.,0.));
#2684=CARTESIAN_POINT('',(0.003,-0.008,0.));
#2685=CARTESIAN_POINT('',(0.003,-0.008,0.0081764217466116));
#2686=CARTESIAN_POINT('',(0.,0.,0.00825));
#2687=CARTESIAN_POINT('',(0.,4.33680868994202E-19,0.0055));
#2688=CARTESIAN_POINT('',(0.,0.0025,0.0055));
#2689=CARTESIAN_POINT('',(0.,0.0057,0.00825));
#2690=CARTESIAN_POINT('',(0.,0.0057,0.00175890751690908));
#2691=CARTESIAN_POINT('',(0.,0.008,0.0081764217466116));
#2692=CARTESIAN_POINT('',(0.,0.008,0.));
#2693=CARTESIAN_POINT('',(0.,0.,0.));
#2694=CARTESIAN_POINT('',(0.,0.,0.));
#2695=CARTESIAN_POINT('',(0.,0.,0.));
#2696=CARTESIAN_POINT('',(0.,-0.008,0.));
#2697=CARTESIAN_POINT('',(0.,-0.008,0.0081764217466116));
#2698=CARTESIAN_POINT('',(0.,-0.0068,0.00306945595736437));
#2699=CARTESIAN_POINT('',(0.,-0.0068,0.00825));
#2700=CARTESIAN_POINT('',(-0.006,0.,0.00825));
#2701=CARTESIAN_POINT('',(-0.006,4.33680868994202E-19,0.0055));
#2702=CARTESIAN_POINT('',(-0.006,0.0025,0.0055));
#2703=CARTESIAN_POINT('',(-0.006,0.,0.0165));
#2704=CARTESIAN_POINT('',(-0.006,-0.0068,0.0165));
#2705=CARTESIAN_POINT('',(-0.006,0.0057,0.0165));
#2706=CARTESIAN_POINT('',(-0.006,0.0057,0.00825));
#2707=CARTESIAN_POINT('',(-0.006,0.0057,0.00175890751690908));
#2708=CARTESIAN_POINT('',(-0.006,0.008,0.0081764217466116));
#2709=CARTESIAN_POINT('',(-0.006,0.008,0.));
#2710=CARTESIAN_POINT('',(-0.006,0.,0.));
#2711=CARTESIAN_POINT('',(-0.006,0.,0.));
#2712=CARTESIAN_POINT('',(-0.006,0.,0.));
#2713=CARTESIAN_POINT('',(-0.006,-0.008,0.));
#2714=CARTESIAN_POINT('',(-0.006,-0.008,0.0081764217466116));
#2715=CARTESIAN_POINT('',(-0.006,-0.0068,0.00306945595736436));
#2716=CARTESIAN_POINT('',(-0.006,-0.0068,0.00825));
#2717=CARTESIAN_POINT('',(-0.003,0.,0.00825));
#2718=CARTESIAN_POINT('',(-0.003,4.33680868994202E-19,0.0055));
#2719=CARTESIAN_POINT('',(-0.003,0.0025,0.0055));
#2720=CARTESIAN_POINT('',(-0.003,0.0057,0.00825));
#2721=CARTESIAN_POINT('',(-0.003,0.0057,0.00175890751690908));
#2722=CARTESIAN_POINT('',(-0.003,-0.0068,0.00825));
#2723=CARTESIAN_POINT('',(-0.003,-0.0068,0.00306945595736437));
#2724=CARTESIAN_POINT('',(-0.003,0.,0.));
#2725=CARTESIAN_POINT('',(-0.003,-0.008,0.));
#2726=CARTESIAN_POINT('',(-0.003,-0.008,0.0081764217466116));
#2727=CARTESIAN_POINT('',(-0.003,0.,0.));
#2728=CARTESIAN_POINT('',(-0.003,0.008,0.0081764217466116));
#2729=CARTESIAN_POINT('',(-0.003,0.008,0.));
#2730=CARTESIAN_POINT('',(-0.003,0.,0.));
#2731=CARTESIAN_POINT('',(-0.079,-0.006325,0.0165));
#2732=CARTESIAN_POINT('',(-0.079,-0.0068,0.0165));
#2733=CARTESIAN_POINT('',(-0.077,-0.0068,0.0165));
#2734=CARTESIAN_POINT('',(-0.077,-0.00680000000000009,0.0165));
#2735=CARTESIAN_POINT('',(-0.077,-0.0026333333333334,0.0165));
#2736=CARTESIAN_POINT('',(-0.077,0.0015333333333333,0.0165));
#2737=CARTESIAN_POINT('',(-0.077,0.0057,0.0165));
#2738=CARTESIAN_POINT('',(-0.077,0.0057,0.0165));
#2739=CARTESIAN_POINT('',(-0.079,0.0057,0.0165));
#2740=CARTESIAN_POINT('',(-0.079,-0.006325,0.0165));
#2741=CARTESIAN_POINT('',(0.0245014033831279,-0.000552693836218161,0.0165));
#2742=CARTESIAN_POINT('',(0.0243637123548985,-0.00284814136716866,0.0165));
#2743=CARTESIAN_POINT('',(0.0222048687647328,-0.000434512056258287,0.0165));
#2744=CARTESIAN_POINT('',(0.033643166560579,-0.00284814136716866,0.0165));
#2745=CARTESIAN_POINT('',(0.0429226207662593,-0.00284814136716866,0.0165));
#2746=CARTESIAN_POINT('',(0.0427840904951221,-0.000551948106343587,0.0165));
#2747=CARTESIAN_POINT('',(0.0450814591858681,-0.000434512056258289,0.0165));
#2748=CARTESIAN_POINT('',(0.0427840904951221,-0.000317076006172991,0.0165));
#2749=CARTESIAN_POINT('',(0.0245022374713752,-0.000317076317149945,0.0165));
#2750=CARTESIAN_POINT('',(-0.079,0.0057,0.0165));
#2751=CARTESIAN_POINT('',(0.075,0.0057,0.0165));
#2752=CARTESIAN_POINT('',(0.075,0.0057,0.0165));
#2753=CARTESIAN_POINT('',(0.075,0.00153333333333334,0.0165));
#2754=CARTESIAN_POINT('',(0.075,-0.00263333333333332,0.0165));
#2755=CARTESIAN_POINT('',(0.075,-0.00679999999999998,0.0165));
#2756=CARTESIAN_POINT('',(0.075,-0.0068,0.0165));
#2757=CARTESIAN_POINT('',(-0.079,-0.0068,0.0165));
#2758=CARTESIAN_POINT('',(-0.079,-1.90819582357449E-17,0.097));
#2759=CARTESIAN_POINT('',(0.0159789641831137,-0.000288302519692366,0.097));
#2760=CARTESIAN_POINT('',(0.0150073475886136,0.00255,0.097));
#2761=CARTESIAN_POINT('',(0.0130073475886136,-0.0007,0.097));
#2762=CARTESIAN_POINT('',(0.0350073475886137,0.00255,0.097));
#2763=CARTESIAN_POINT('',(0.0550073475886136,0.00255,0.097));
#2764=CARTESIAN_POINT('',(0.0540357309941135,-0.000288302519692384,0.097));
#2765=CARTESIAN_POINT('',(0.0570073475886136,-0.0007,0.097));
#2766=CARTESIAN_POINT('',(0.0540357309941135,-0.00111169748030763,0.097));
#2767=CARTESIAN_POINT('',(0.0550073475886136,-0.00395,0.097));
#2768=CARTESIAN_POINT('',(0.0350073475886136,-0.00395,0.097));
#2769=CARTESIAN_POINT('',(0.0150073475886136,-0.00395,0.097));
#2770=CARTESIAN_POINT('',(0.0159789641831137,-0.00111169748030763,0.097));
#2771=CARTESIAN_POINT('',(-0.079,-0.0068,0.097));
#2772=CARTESIAN_POINT('',(-0.077,-0.0068,0.097));
#2773=CARTESIAN_POINT('',(0.075,-0.0068,0.097));
#2774=CARTESIAN_POINT('',(0.075,-0.00680000000000002,0.097));
#2775=CARTESIAN_POINT('',(0.075,-0.00263333333333335,0.097));
#2776=CARTESIAN_POINT('',(0.075,0.00153333333333331,0.097));
#2777=CARTESIAN_POINT('',(0.075,0.00569999999999998,0.097));
#2778=CARTESIAN_POINT('',(0.075,0.0057,0.097));
#2779=CARTESIAN_POINT('',(-0.079,0.0057,0.097));
#2780=CARTESIAN_POINT('',(-0.077,0.0057,0.097));
#2781=CARTESIAN_POINT('',(-0.077,0.00569999999999998,0.097));
#2782=CARTESIAN_POINT('',(-0.077,0.00153333333333331,0.097));
#2783=CARTESIAN_POINT('',(-0.077,-0.00263333333333335,0.097));
#2784=CARTESIAN_POINT('',(-0.077,-0.00680000000000002,0.097));
#2785=CARTESIAN_POINT('',(0.003,0.00570000000000088,0.00175890751690984));
#2786=CARTESIAN_POINT('',(4.33680868994202E-19,0.00570000000000088,0.00175890751690984));
#2787=CARTESIAN_POINT('',(0.003,0.00437365192139722,0.000586302505636613));
#2788=CARTESIAN_POINT('',(4.33680868994202E-19,0.00437365192139722,0.000586302505636613));
#2789=CARTESIAN_POINT('',(0.003,0.00247365192139692,0.));
#2790=CARTESIAN_POINT('',(4.33680868994202E-19,0.00247365192139692,0.));
#2791=CARTESIAN_POINT('',(0.003,0.,0.));
#2792=CARTESIAN_POINT('',(4.33680868994202E-19,0.,0.));
#2793=CARTESIAN_POINT('',(0.003,0.0057,0.00175890751690908));
#2794=CARTESIAN_POINT('',(0.003,0.,0.));
#2795=CARTESIAN_POINT('',(-0.006,0.00570000000000088,0.00175890751690984));
#2796=CARTESIAN_POINT('',(-0.003,0.00570000000000088,0.00175890751690984));
#2797=CARTESIAN_POINT('',(-0.006,0.00437365192139722,0.000586302505636613));
#2798=CARTESIAN_POINT('',(-0.003,0.00437365192139722,0.000586302505636613));
#2799=CARTESIAN_POINT('',(-0.006,0.00247365192139692,0.));
#2800=CARTESIAN_POINT('',(-0.003,0.00247365192139692,0.));
#2801=CARTESIAN_POINT('',(-0.006,0.,0.));
#2802=CARTESIAN_POINT('',(-0.003,0.,0.));
#2803=CARTESIAN_POINT('',(-0.006,0.0057,0.00175890751690908));
#2804=CARTESIAN_POINT('',(-0.006,0.,0.));
#2805=CARTESIAN_POINT('',(0.003,0.,0.));
#2806=CARTESIAN_POINT('',(0.,0.,0.));
#2807=CARTESIAN_POINT('',(0.003,-0.00326774221534894,0.));
#2808=CARTESIAN_POINT('',(0.,-0.00326774221534894,0.));
#2809=CARTESIAN_POINT('',(0.003,-0.00553440888201285,0.00102315198578367));
#2810=CARTESIAN_POINT('',(0.,-0.00553440888201285,0.00102315198578367));
#2811=CARTESIAN_POINT('',(0.003,-0.00679999999999174,0.00306945595735101));
#2812=CARTESIAN_POINT('',(0.,-0.00679999999999174,0.00306945595735101));
#2813=CARTESIAN_POINT('',(0.003,-0.0068,0.00306945595736437));
#2814=CARTESIAN_POINT('',(-0.006,0.,0.));
#2815=CARTESIAN_POINT('',(-0.003,0.,0.));
#2816=CARTESIAN_POINT('',(-0.006,-0.00326774221534894,0.));
#2817=CARTESIAN_POINT('',(-0.003,-0.00326774221534894,0.));
#2818=CARTESIAN_POINT('',(-0.006,-0.00553440888201285,0.00102315198578367));
#2819=CARTESIAN_POINT('',(-0.003,-0.00553440888201285,0.00102315198578367));
#2820=CARTESIAN_POINT('',(-0.006,-0.00679999999999174,0.00306945595735102));
#2821=CARTESIAN_POINT('',(-0.003,-0.00679999999999174,0.00306945595735102));
#2822=CARTESIAN_POINT('',(-0.006,-0.0068,0.00306945595736437));
#2823=CARTESIAN_POINT('',(-0.0015,-0.003,0.0915));
#2824=CARTESIAN_POINT('',(0.0655,-0.003,0.0915));
#2825=CARTESIAN_POINT('',(0.0655,-0.00465,0.0915));
#2826=CARTESIAN_POINT('',(0.0655,-0.0068,0.0915));
#2827=CARTESIAN_POINT('',(-0.0015,-0.0068,0.0915));
#2828=CARTESIAN_POINT('',(-0.0685,-0.0068,0.0915));
#2829=CARTESIAN_POINT('',(-0.0685,-0.003,0.0915));
#2830=CARTESIAN_POINT('',(-0.0685,-0.00465,0.0915));
#2831=CARTESIAN_POINT('',(-0.079,-0.00465,0.0915));
#2832=CARTESIAN_POINT('',(-0.0685,-0.003,0.0865));
#2833=CARTESIAN_POINT('',(-0.0685,-0.0068,0.0865));
#2834=CARTESIAN_POINT('',(-0.0735,-0.0068,0.0865));
#2835=CARTESIAN_POINT('',(-0.0735,-0.003,0.0865));
#2836=CARTESIAN_POINT('',(-0.0735,-0.00465,0.0865));
#2837=CARTESIAN_POINT('',(-0.0685,-0.00465,0.0865));
#2838=CARTESIAN_POINT('',(-0.0735,-0.003,0.0565));
#2839=CARTESIAN_POINT('',(-0.0735,-0.0068,0.0565));
#2840=CARTESIAN_POINT('',(-0.0735,-0.0068,0.0265));
#2841=CARTESIAN_POINT('',(-0.0735,-0.003,0.0265));
#2842=CARTESIAN_POINT('',(-0.0735,-0.00465,0.0265));
#2843=CARTESIAN_POINT('',(-0.0735,-0.00465,0.057));
#2844=CARTESIAN_POINT('',(-0.0685,-0.003,0.0265));
#2845=CARTESIAN_POINT('',(-0.0685,-0.0068,0.0265));
#2846=CARTESIAN_POINT('',(-0.0685,-0.0068,0.0215));
#2847=CARTESIAN_POINT('',(-0.0685,-0.003,0.0215));
#2848=CARTESIAN_POINT('',(-0.0685,-0.00465,0.0215));
#2849=CARTESIAN_POINT('',(-0.0685,-0.00465,0.0265));
#2850=CARTESIAN_POINT('',(-0.0015,-0.003,0.0215));
#2851=CARTESIAN_POINT('',(-0.0015,-0.0068,0.0215));
#2852=CARTESIAN_POINT('',(0.0655,-0.0068,0.0215));
#2853=CARTESIAN_POINT('',(0.0655,-0.003,0.0215));
#2854=CARTESIAN_POINT('',(0.0655,-0.00465,0.0215));
#2855=CARTESIAN_POINT('',(-0.079,-0.00465,0.0215));
#2856=CARTESIAN_POINT('',(0.0655,-0.003,0.0265));
#2857=CARTESIAN_POINT('',(0.0655,-0.0068,0.0265));
#2858=CARTESIAN_POINT('',(0.0705,-0.0068,0.0265));
#2859=CARTESIAN_POINT('',(0.0705,-0.003,0.0265));
#2860=CARTESIAN_POINT('',(0.0705,-0.00465,0.0265));
#2861=CARTESIAN_POINT('',(0.0655,-0.00465,0.0265));
#2862=CARTESIAN_POINT('',(0.0705,-0.003,0.0565));
#2863=CARTESIAN_POINT('',(0.0705,-0.0068,0.0565));
#2864=CARTESIAN_POINT('',(0.0705,-0.0068,0.0865));
#2865=CARTESIAN_POINT('',(0.0705,-0.003,0.0865));
#2866=CARTESIAN_POINT('',(0.0705,-0.00465,0.0865));
#2867=CARTESIAN_POINT('',(0.0705,-0.00465,0.057));
#2868=CARTESIAN_POINT('',(0.0655,-0.003,0.0865));
#2869=CARTESIAN_POINT('',(0.0655,-0.0068,0.0865));
#2870=CARTESIAN_POINT('',(0.0655,-0.00465,0.0865));
#2871=CARTESIAN_POINT('',(-0.079,-0.00465,0.057));
#2872=CARTESIAN_POINT('',(-0.079,-0.00465,0.095));
#2873=CARTESIAN_POINT('',(-0.079,-0.00465,0.0952090412929246));
#2874=CARTESIAN_POINT('',(-0.0789908565725137,-0.00465,0.0953757079595912));
#2875=CARTESIAN_POINT('',(-0.0789725697175409,-0.00465,0.0955));
#2876=CARTESIAN_POINT('',(-0.0789725697175409,-0.00465,0.0955));
#2877=CARTESIAN_POINT('',(-0.079,-0.00465,0.0955));
#2878=CARTESIAN_POINT('',(-0.079,-0.00465,0.0185));
#2879=CARTESIAN_POINT('',(0.003,4.33680868994202E-19,0.0055));
#2880=CARTESIAN_POINT('',(-0.006,4.33680868994202E-19,0.0055));
#2881=CARTESIAN_POINT('',(-0.079,-8.67361737988404E-19,0.0185));
#2882=CARTESIAN_POINT('',(0.033643166560579,-0.00284814136716866,0.0185));
#2883=CARTESIAN_POINT('',(0.0429226207662593,-0.00284814136716866,0.0185));
#2884=CARTESIAN_POINT('',(0.0243637123548985,-0.00284814136716866,0.0185));
#2885=CARTESIAN_POINT('',(0.0245014033831279,-0.000552693836218161,0.0185));
#2886=CARTESIAN_POINT('',(0.0222048687647328,-0.000434512056258287,0.0185));
#2887=CARTESIAN_POINT('',(0.0245022374713752,-0.000317076317149945,0.0185));
#2888=CARTESIAN_POINT('',(0.0243637123548985,0.00197911725465208,0.0185));
#2889=CARTESIAN_POINT('',(0.033643166560579,0.00197911725465208,0.0185));
#2890=CARTESIAN_POINT('',(0.0429226207662594,0.00197911725465208,0.0185));
#2891=CARTESIAN_POINT('',(0.0427840904951221,-0.000317076006172991,0.0185));
#2892=CARTESIAN_POINT('',(0.0450814591858681,-0.000434512056258289,0.0185));
#2893=CARTESIAN_POINT('',(0.0427840904951221,-0.000551948106343587,0.0185));
#2894=CARTESIAN_POINT('',(-0.079,0.00465,0.0185));
#2895=CARTESIAN_POINT('',(-0.079,-8.67361737988404E-19,0.0185));
#2896=CARTESIAN_POINT('',(-0.079,-1.90819582357449E-17,0.0955));
#2897=CARTESIAN_POINT('',(0.0159789641831137,-0.000288302519692366,0.0955));
#2898=CARTESIAN_POINT('',(0.0130073475886136,-0.0007,0.0955));
#2899=CARTESIAN_POINT('',(0.0150073475886136,0.00255,0.0955));
#2900=CARTESIAN_POINT('',(0.0159789641831137,-0.00111169748030763,0.0955));
#2901=CARTESIAN_POINT('',(0.0150073475886136,-0.00395,0.0955));
#2902=CARTESIAN_POINT('',(-0.079,-0.00395,0.0955));
#2903=CARTESIAN_POINT('',(0.0550073475886136,-0.00395,0.0955));
#2904=CARTESIAN_POINT('',(0.0540357309941135,-0.00111169748030763,0.0955));
#2905=CARTESIAN_POINT('',(0.0570073475886136,-0.0007,0.0955));
#2906=CARTESIAN_POINT('',(0.0540357309941135,-0.000288302519692384,0.0955));
#2907=CARTESIAN_POINT('',(0.0550073475886136,0.00255,0.0955));
#2908=CARTESIAN_POINT('',(-0.079,0.00255,0.0955));
#2909=CARTESIAN_POINT('',(-0.0789725697175409,-0.00465000000000002,0.0955));
#2910=CARTESIAN_POINT('',(-0.0789725697175409,-0.00155000000000002,0.0955));
#2911=CARTESIAN_POINT('',(-0.0789725697175409,0.00154999999999998,0.0955));
#2912=CARTESIAN_POINT('',(-0.0789725697175409,0.00464999999999998,0.0955));
#2913=CARTESIAN_POINT('',(-0.0789725697175409,0.00465,0.0955));
#2914=CARTESIAN_POINT('',(-0.079,0.00465,0.0955));
#2915=CARTESIAN_POINT('',(-0.079,0.00465,0.057));
#2916=CARTESIAN_POINT('',(-0.0789725697175409,0.00465,0.0955));
#2917=CARTESIAN_POINT('',(-0.0789908565725137,0.00465,0.095375707959591));
#2918=CARTESIAN_POINT('',(-0.079,0.00465,0.0952090412929243));
#2919=CARTESIAN_POINT('',(-0.079,0.00465,0.095));
#2920=CARTESIAN_POINT('',(-0.079,0.00465,0.0403373854458332));
#2921=CARTESIAN_POINT('',(-0.0759832635521889,0.00465,0.0403373854458332));
#2922=CARTESIAN_POINT('',(-0.0759832635521889,0.00465,0.057));
#2923=CARTESIAN_POINT('',(-0.0759832635521889,0.00465,0.0923129801416396));
#2924=CARTESIAN_POINT('',(-0.079,0.00465,0.0923129801416396));
#2925=CARTESIAN_POINT('',(0.0716792121529579,0.00465,0.0923129801416396));
#2926=CARTESIAN_POINT('',(0.0716792121529579,0.00465,0.057));
#2927=CARTESIAN_POINT('',(0.0716792121529579,0.00465,0.0204112138599157));
#2928=CARTESIAN_POINT('',(-0.079,0.00465,0.0204112138599157));
#2929=CARTESIAN_POINT('',(-0.0759832635521889,0.00465,0.0204112138599157));
#2930=CARTESIAN_POINT('',(-0.0759832635521889,0.00465,0.057));
#2931=CARTESIAN_POINT('',(-0.0759832635521889,0.00465,0.0243373854458332));
#2932=CARTESIAN_POINT('',(-0.079,0.00465,0.0243373854458332));
#2933=CARTESIAN_POINT('',(-0.0015,-0.0068,0.05675));
#2934=CARTESIAN_POINT('',(0.075,-0.0068,0.0165));
#2935=CARTESIAN_POINT('',(0.0763333333333333,-0.0068,0.0165));
#2936=CARTESIAN_POINT('',(0.077,-0.0068,0.0171666666666667));
#2937=CARTESIAN_POINT('',(0.077,-0.0068,0.0185));
#2938=CARTESIAN_POINT('',(0.077,-0.0068,0.095));
#2939=CARTESIAN_POINT('',(0.077,-0.0068,0.0963333333333333));
#2940=CARTESIAN_POINT('',(0.0763333333333333,-0.0068,0.097));
#2941=CARTESIAN_POINT('',(0.075,-0.0068,0.097));
#2942=CARTESIAN_POINT('',(-0.077,-0.0068,0.097));
#2943=CARTESIAN_POINT('',(-0.0783333333333333,-0.0068,0.097));
#2944=CARTESIAN_POINT('',(-0.079,-0.0068,0.0963333333333333));
#2945=CARTESIAN_POINT('',(-0.079,-0.0068,0.095));
#2946=CARTESIAN_POINT('',(-0.079,-0.0068,0.0185));
#2947=CARTESIAN_POINT('',(-0.079,-0.0068,0.0171666666666667));
#2948=CARTESIAN_POINT('',(-0.0783333333333333,-0.0068,0.0165));
#2949=CARTESIAN_POINT('',(-0.077,-0.0068,0.0165));
#2950=CARTESIAN_POINT('',(-0.0998682723839009,0.0057,0.0826497146625507));
#2951=CARTESIAN_POINT('',(-0.0998682723839009,0.006,0.0826497146625507));
#2952=CARTESIAN_POINT('',(-0.0998744667962727,0.006,0.109513694816268));
#2953=CARTESIAN_POINT('',(-0.0998496891467857,0.006,0.0020577742013989));
#2954=CARTESIAN_POINT('',(-0.0998496891467857,0.0057,0.0020577742013989));
#2955=CARTESIAN_POINT('',(-0.0998496891467857,0.0057,0.0020577742013989));
#2956=CARTESIAN_POINT('',(-0.0998682723839009,0.0057,0.0826497146625507));
#2957=CARTESIAN_POINT('',(-0.0998744667962727,0.0057,0.109513694816268));
#2958=CARTESIAN_POINT('',(-0.0998744667962727,0.0057,0.109513694816268));
#2959=CARTESIAN_POINT('',(-0.0912713897377188,0.0057,0.109426626452618));
#2960=CARTESIAN_POINT('',(-0.0912713897377188,0.006,0.109426626452618));
#2961=CARTESIAN_POINT('',(-0.0912713897377188,0.006,0.118030144092244));
#2962=CARTESIAN_POINT('',(-0.0912713897377188,0.0057,0.109426626452618));
#2963=CARTESIAN_POINT('',(-0.0912713897377188,0.0057,0.118030144092244));
#2964=CARTESIAN_POINT('',(-0.0912713897377188,0.0057,0.118030144092244));
#2965=CARTESIAN_POINT('',(-0.0872792670962715,0.0057,0.118030144092244));
#2966=CARTESIAN_POINT('',(-0.0872792670962715,0.006,0.118030144092244));
#2967=CARTESIAN_POINT('',(0.0895158327464561,0.006,0.118030144092244));
#2968=CARTESIAN_POINT('',(-0.0872792670962715,0.0057,0.118030144092244));
#2969=CARTESIAN_POINT('',(0.0895158327464561,0.0057,0.118030144092244));
#2970=CARTESIAN_POINT('',(0.0895158327464561,0.0057,0.118030144092244));
#2971=CARTESIAN_POINT('',(0.0895158327464561,0.0057,0.108292302677883));
#2972=CARTESIAN_POINT('',(0.0895158327464561,0.006,0.108292302677883));
#2973=CARTESIAN_POINT('',(0.09917677248623,0.006,0.109513694816268));
#2974=CARTESIAN_POINT('',(0.0895158327464561,0.0057,0.108292302677883));
#2975=CARTESIAN_POINT('',(0.09917677248623,0.0057,0.109513694816268));
#2976=CARTESIAN_POINT('',(0.09917677248623,0.0057,0.109513694816268));
#2977=CARTESIAN_POINT('',(0.09917677248623,0.0057,0.103787181905331));
#2978=CARTESIAN_POINT('',(0.09917677248623,0.006,0.103787181905331));
#2979=CARTESIAN_POINT('',(0.0991767724862301,0.006,0.00205777420139893));
#2980=CARTESIAN_POINT('',(0.09917677248623,0.0057,0.103787181905331));
#2981=CARTESIAN_POINT('',(0.0991767724862301,0.0057,0.00205777420139893));
#2982=CARTESIAN_POINT('',(0.0991767724862301,0.0057,0.00205777420139893));
#2983=CARTESIAN_POINT('',(0.0905363315554276,0.0057,0.00205777420139893));
#2984=CARTESIAN_POINT('',(0.0905363315554276,0.006,0.00205777420139893));
#2985=CARTESIAN_POINT('',(0.0919948620516495,0.006,-0.00645867507457732));
#2986=CARTESIAN_POINT('',(0.0905363315554276,0.0057,0.00205777420139893));
#2987=CARTESIAN_POINT('',(0.0919948620516495,0.0057,-0.00645867507457732));
#2988=CARTESIAN_POINT('',(0.0919948620516495,0.0057,-0.00645867507457732));
#2989=CARTESIAN_POINT('',(0.087833476263569,0.0057,-0.00645867507457732));
#2990=CARTESIAN_POINT('',(0.087833476263569,0.006,-0.00645867507457732));
#2991=CARTESIAN_POINT('',(-0.0912713897377188,0.006,-0.00645867507457731));
#2992=CARTESIAN_POINT('',(0.087833476263569,0.0057,-0.00645867507457732));
#2993=CARTESIAN_POINT('',(-0.0912713897377188,0.0057,-0.00645867507457731));
#2994=CARTESIAN_POINT('',(-0.0912713897377188,0.0057,-0.00645867507457731));
#2995=CARTESIAN_POINT('',(-0.0912713897377188,0.0057,0.00211984892568005));
#2996=CARTESIAN_POINT('',(-0.0912713897377188,0.006,0.00211984892568005));
#2997=CARTESIAN_POINT('',(-0.0912713897377188,0.0057,0.00211984892568005));
#2998=CARTESIAN_POINT('',(-0.000348847155021314,0.0057,0.0557857345088335));
#2999=CARTESIAN_POINT('',(-0.077,0.0057,0.0165));
#3000=CARTESIAN_POINT('',(-0.0772712055652801,0.0057,0.0165));
#3001=CARTESIAN_POINT('',(-0.0778164010822723,0.0057,0.0165360636714929));
#3002=CARTESIAN_POINT('',(-0.0785538496851579,0.0057,0.0169439918775172));
#3003=CARTESIAN_POINT('',(-0.0789644355483203,0.0057,0.0176842065021071));
#3004=CARTESIAN_POINT('',(-0.079,0.0057,0.0182279162935038));
#3005=CARTESIAN_POINT('',(-0.079,0.0057,0.0185));
#3006=CARTESIAN_POINT('',(-0.079,0.0057,0.095));
#3007=CARTESIAN_POINT('',(-0.079,0.0057,0.0952712055652801));
#3008=CARTESIAN_POINT('',(-0.0789639363285071,0.0057,0.0958164010822723));
#3009=CARTESIAN_POINT('',(-0.0785560081224828,0.0057,0.0965538496851579));
#3010=CARTESIAN_POINT('',(-0.0778157934978928,0.0057,0.0969644355483202));
#3011=CARTESIAN_POINT('',(-0.0772720837064962,0.0057,0.097));
#3012=CARTESIAN_POINT('',(-0.077,0.0057,0.097));
#3013=CARTESIAN_POINT('',(0.075,0.0057,0.097));
#3014=CARTESIAN_POINT('',(0.0752712055652801,0.0057,0.097));
#3015=CARTESIAN_POINT('',(0.0758164010822723,0.0057,0.0969639363285071));
#3016=CARTESIAN_POINT('',(0.0765538496851578,0.0057,0.0965560081224828));
#3017=CARTESIAN_POINT('',(0.0769644355483202,0.0057,0.0958157934978929));
#3018=CARTESIAN_POINT('',(0.077,0.0057,0.0952720837064962));
#3019=CARTESIAN_POINT('',(0.077,0.0057,0.095));
#3020=CARTESIAN_POINT('',(0.077,0.0057,0.0185));
#3021=CARTESIAN_POINT('',(0.077,0.0057,0.0182287944347199));
#3022=CARTESIAN_POINT('',(0.0769639363285072,0.0057,0.0176835989177277));
#3023=CARTESIAN_POINT('',(0.0765560081224827,0.0057,0.0169461503148421));
#3024=CARTESIAN_POINT('',(0.0758157934978928,0.0057,0.0165355644516798));
#3025=CARTESIAN_POINT('',(0.0752720837064962,0.0057,0.0165));
#3026=CARTESIAN_POINT('',(0.075,0.0057,0.0165));
#3027=CARTESIAN_POINT('',(0.003,0.006,0.0123382108733058));
#3028=CARTESIAN_POINT('',(0.0610000070333481,0.006,0.0323373854458332));
#3029=CARTESIAN_POINT('',(0.0610000070333481,0.006,0.0243373854458332));
#3030=CARTESIAN_POINT('',(0.075,-1.7347234759768E-17,0.0920297413715167));
#3031=CARTESIAN_POINT('',(0.0749999999999999,0.0019166999049485,0.0920297413715167));
#3032=CARTESIAN_POINT('',(0.0756666666666666,0.0019166999049485,0.0920297413715167));
#3033=CARTESIAN_POINT('',(0.0763333333333334,0.0019166999049485,0.0920297413715167));
#3034=CARTESIAN_POINT('',(0.0770000000000001,0.0019166999049485,0.0920297413715167));
#3035=CARTESIAN_POINT('',(0.0770000000000001,-0.00191669990494853,0.0920297413715167));
#3036=CARTESIAN_POINT('',(0.0763333333333334,-0.00191669990494853,0.0920297413715167));
#3037=CARTESIAN_POINT('',(0.0756666666666666,-0.00191669990494853,0.0920297413715167));
#3038=CARTESIAN_POINT('',(0.0749999999999999,-0.00191669990494853,0.0920297413715167));
#3039=CARTESIAN_POINT('',(0.075,-0.00391669990494853,0.05675));
#3040=CARTESIAN_POINT('',(0.0770000000000001,-0.00391669990494854,0.0234702586284833));
#3041=CARTESIAN_POINT('',(0.0763333333333334,-0.00391669990494854,0.0234702586284833));
#3042=CARTESIAN_POINT('',(0.0756666666666666,-0.00391669990494854,0.0234702586284833));
#3043=CARTESIAN_POINT('',(0.0749999999999999,-0.00391669990494854,0.0234702586284833));
#3044=CARTESIAN_POINT('',(0.0749999999999999,-0.00391669990494853,0.0900297413715167));
#3045=CARTESIAN_POINT('',(0.0756666666666666,-0.00391669990494853,0.0900297413715167));
#3046=CARTESIAN_POINT('',(0.0763333333333334,-0.00391669990494853,0.0900297413715167));
#3047=CARTESIAN_POINT('',(0.0770000000000001,-0.00391669990494853,0.0900297413715167));
#3048=CARTESIAN_POINT('',(0.075,-3.03576608295941E-17,0.0214702586284833));
#3049=CARTESIAN_POINT('',(0.0770000000000001,0.00191669990494848,0.0214702586284833));
#3050=CARTESIAN_POINT('',(0.0763333333333334,0.00191669990494848,0.0214702586284833));
#3051=CARTESIAN_POINT('',(0.0756666666666666,0.00191669990494848,0.0214702586284833));
#3052=CARTESIAN_POINT('',(0.0749999999999999,0.00191669990494848,0.0214702586284833));
#3053=CARTESIAN_POINT('',(0.0749999999999999,-0.00191669990494854,0.0214702586284833));
#3054=CARTESIAN_POINT('',(0.0756666666666666,-0.00191669990494854,0.0214702586284833));
#3055=CARTESIAN_POINT('',(0.0763333333333334,-0.00191669990494854,0.0214702586284833));
#3056=CARTESIAN_POINT('',(0.0770000000000001,-0.00191669990494854,0.0214702586284833));
#3057=CARTESIAN_POINT('',(0.075,0.00391669990494849,0.05675));
#3058=CARTESIAN_POINT('',(0.0758933871984482,0.00391669990494849,0.0565984435379505));
#3059=CARTESIAN_POINT('',(0.0758918246984483,0.00391669990494849,0.0900297413715167));
#3060=CARTESIAN_POINT('',(0.0758933871984482,0.00391669990494849,0.0234702586284833));
#3061=CARTESIAN_POINT('',(0.0758918246984483,0.0039166999049485,0.0900297413715167));
#3062=CARTESIAN_POINT('',(0.0755945497989655,0.0039166999049485,0.0900297413715167));
#3063=CARTESIAN_POINT('',(0.0752972748994827,0.0039166999049485,0.0900297413715167));
#3064=CARTESIAN_POINT('',(0.0749999999999999,0.0039166999049485,0.0900297413715167));
#3065=CARTESIAN_POINT('',(0.0749999999999999,0.00391669990494849,0.0234702586284833));
#3066=CARTESIAN_POINT('',(0.075297795732816,0.00391669990494849,0.0234702586284833));
#3067=CARTESIAN_POINT('',(0.0755955914656321,0.00391669990494849,0.0234702586284833));
#3068=CARTESIAN_POINT('',(0.0758933871984482,0.00391669990494849,0.0234702586284833));
#3069=CARTESIAN_POINT('',(0.0770000000000001,0.00391669990494849,0.0234702586284833));
#3070=CARTESIAN_POINT('',(0.0749999999999999,0.00391669990494849,0.0234702586284833));
#3071=CARTESIAN_POINT('',(0.0770000000000001,0.00391669990494849,0.0231702586284833));
#3072=CARTESIAN_POINT('',(0.0749999999999999,0.00391669990494849,0.0231702586284833));
#3073=CARTESIAN_POINT('',(0.0770000000000001,0.00391669990494849,0.0228702586284833));
#3074=CARTESIAN_POINT('',(0.0749999999999999,0.00391669990494849,0.0228702586284833));
#3075=CARTESIAN_POINT('',(0.0770000000000001,0.00371669990494849,0.0221369252951499));
#3076=CARTESIAN_POINT('',(0.0749999999999999,0.00371669990494849,0.0221369252951499));
#3077=CARTESIAN_POINT('',(0.0770000000000001,0.00325003323828182,0.0216702586284833));
#3078=CARTESIAN_POINT('',(0.0749999999999999,0.00325003323828182,0.0216702586284833));
#3079=CARTESIAN_POINT('',(0.0770000000000001,0.00251669990494847,0.0214702586284833));
#3080=CARTESIAN_POINT('',(0.0749999999999999,0.00251669990494847,0.0214702586284833));
#3081=CARTESIAN_POINT('',(0.0770000000000001,0.00221669990494848,0.0214702586284833));
#3082=CARTESIAN_POINT('',(0.0749999999999999,0.00221669990494848,0.0214702586284833));
#3083=CARTESIAN_POINT('',(0.0770000000000001,0.00191669990494848,0.0214702586284833));
#3084=CARTESIAN_POINT('',(0.0749999999999999,0.00191669990494848,0.0214702586284833));
#3085=CARTESIAN_POINT('',(0.0758933871984482,0.00391669990494848,0.0234702586284833));
#3086=CARTESIAN_POINT('',(0.0760007450977961,0.00391669990494848,0.0234702586284833));
#3087=CARTESIAN_POINT('',(0.0761081029971441,0.00391669990494848,0.0234702586284833));
#3088=CARTESIAN_POINT('',(0.076215460896492,0.00391669990494848,0.0234702586284833));
#3089=CARTESIAN_POINT('',(0.0749999999999999,-0.00391669990494854,0.0234702586284833));
#3090=CARTESIAN_POINT('',(0.0770000000000001,-0.00391669990494854,0.0234702586284833));
#3091=CARTESIAN_POINT('',(0.0749999999999999,-0.00391669990494854,0.0231702586284833));
#3092=CARTESIAN_POINT('',(0.0770000000000001,-0.00391669990494854,0.0231702586284833));
#3093=CARTESIAN_POINT('',(0.0749999999999999,-0.00391669990494855,0.0228702586284833));
#3094=CARTESIAN_POINT('',(0.0770000000000001,-0.00391669990494855,0.0228702586284833));
#3095=CARTESIAN_POINT('',(0.0749999999999999,-0.00371669990494855,0.02213692529515));
#3096=CARTESIAN_POINT('',(0.0770000000000001,-0.00371669990494855,0.02213692529515));
#3097=CARTESIAN_POINT('',(0.0749999999999999,-0.00325003323828189,0.0216702586284833));
#3098=CARTESIAN_POINT('',(0.0770000000000001,-0.00325003323828189,0.0216702586284833));
#3099=CARTESIAN_POINT('',(0.0749999999999999,-0.00251669990494854,0.0214702586284833));
#3100=CARTESIAN_POINT('',(0.0770000000000001,-0.00251669990494854,0.0214702586284833));
#3101=CARTESIAN_POINT('',(0.0749999999999999,-0.00221669990494854,0.0214702586284833));
#3102=CARTESIAN_POINT('',(0.0770000000000001,-0.00221669990494854,0.0214702586284833));
#3103=CARTESIAN_POINT('',(0.0749999999999999,-0.00191669990494854,0.0214702586284833));
#3104=CARTESIAN_POINT('',(0.0770000000000001,-0.00191669990494854,0.0214702586284833));
#3105=CARTESIAN_POINT('',(0.0749999999999999,0.00391669990494849,0.0900297413715167));
#3106=CARTESIAN_POINT('',(0.0770000000000001,0.00391669990494849,0.0900297413715167));
#3107=CARTESIAN_POINT('',(0.0749999999999999,0.00391669990494849,0.0903297413715167));
#3108=CARTESIAN_POINT('',(0.0770000000000001,0.00391669990494849,0.0903297413715167));
#3109=CARTESIAN_POINT('',(0.0749999999999999,0.00391669990494849,0.0906297413715167));
#3110=CARTESIAN_POINT('',(0.0770000000000001,0.00391669990494849,0.0906297413715167));
#3111=CARTESIAN_POINT('',(0.0749999999999999,0.0037166999049485,0.0913630747048501));
#3112=CARTESIAN_POINT('',(0.0770000000000001,0.0037166999049485,0.0913630747048501));
#3113=CARTESIAN_POINT('',(0.0749999999999999,0.00325003323828182,0.0918297413715167));
#3114=CARTESIAN_POINT('',(0.0770000000000001,0.00325003323828182,0.0918297413715167));
#3115=CARTESIAN_POINT('',(0.0749999999999999,0.00251669990494849,0.0920297413715167));
#3116=CARTESIAN_POINT('',(0.0770000000000001,0.00251669990494849,0.0920297413715167));
#3117=CARTESIAN_POINT('',(0.0749999999999999,0.00221669990494849,0.0920297413715167));
#3118=CARTESIAN_POINT('',(0.0770000000000001,0.00221669990494849,0.0920297413715167));
#3119=CARTESIAN_POINT('',(0.0749999999999999,0.00191669990494849,0.0920297413715167));
#3120=CARTESIAN_POINT('',(0.0770000000000001,0.00191669990494849,0.0920297413715167));
#3121=CARTESIAN_POINT('',(0.076215460896492,0.00391669990494849,0.0900297413715167));
#3122=CARTESIAN_POINT('',(0.0761081029971441,0.00391669990494849,0.0900297413715167));
#3123=CARTESIAN_POINT('',(0.0760007450977961,0.00391669990494849,0.0900297413715167));
#3124=CARTESIAN_POINT('',(0.0758933871984482,0.00391669990494849,0.0900297413715167));
#3125=CARTESIAN_POINT('',(0.0770000000000001,-0.00391669990494853,0.0900297413715167));
#3126=CARTESIAN_POINT('',(0.0749999999999999,-0.00391669990494853,0.0900297413715167));
#3127=CARTESIAN_POINT('',(0.0770000000000001,-0.00391669990494853,0.0903297413715167));
#3128=CARTESIAN_POINT('',(0.0749999999999999,-0.00391669990494853,0.0903297413715167));
#3129=CARTESIAN_POINT('',(0.0770000000000001,-0.00391669990494853,0.0906297413715167));
#3130=CARTESIAN_POINT('',(0.0749999999999999,-0.00391669990494853,0.0906297413715167));
#3131=CARTESIAN_POINT('',(0.0770000000000001,-0.00371669990494853,0.0913630747048501));
#3132=CARTESIAN_POINT('',(0.0749999999999999,-0.00371669990494853,0.0913630747048501));
#3133=CARTESIAN_POINT('',(0.0770000000000001,-0.00325003323828185,0.0918297413715167));
#3134=CARTESIAN_POINT('',(0.0749999999999999,-0.00325003323828185,0.0918297413715167));
#3135=CARTESIAN_POINT('',(0.0770000000000001,-0.00251669990494853,0.0920297413715167));
#3136=CARTESIAN_POINT('',(0.0749999999999999,-0.00251669990494853,0.0920297413715167));
#3137=CARTESIAN_POINT('',(0.0770000000000001,-0.00221669990494853,0.0920297413715167));
#3138=CARTESIAN_POINT('',(0.0749999999999999,-0.00221669990494853,0.0920297413715167));
#3139=CARTESIAN_POINT('',(0.0770000000000001,-0.00191669990494853,0.0920297413715167));
#3140=CARTESIAN_POINT('',(0.0749999999999999,-0.00191669990494853,0.0920297413715167));
#3141=CARTESIAN_POINT('',(0.0610000070333481,0.004,0.0323373854458332));
#3142=CARTESIAN_POINT('',(-0.00900965052843092,0.005,0.0243373854458332));
#3143=CARTESIAN_POINT('',(-0.0759832635521889,0.005,0.0243373854458332));
#3144=CARTESIAN_POINT('',(-0.0759832635521889,0.005,0.0243373854458332));
#3145=CARTESIAN_POINT('',(-0.00900965052843092,0.005,0.0243373854458332));
#3146=CARTESIAN_POINT('',(-0.00900965052843093,0.005,0.0403373854458332));
#3147=CARTESIAN_POINT('',(-0.00900965052843093,0.005,0.0403373854458332));
#3148=CARTESIAN_POINT('',(-0.0759832635521889,0.005,0.0403373854458332));
#3149=CARTESIAN_POINT('',(-0.0759832635521889,0.005,0.0403373854458332));
#3150=CARTESIAN_POINT('',(-0.000348847155021314,0.005,0.0557857345088335));
#3151=CARTESIAN_POINT('',(-0.0759832635521889,0.005,0.0563620970007777));
#3152=CARTESIAN_POINT('',(-0.00215310975909233,-0.0046,0.0207100473344326));
#3153=CARTESIAN_POINT('',(0.0713658183813095,-0.0046,0.0207100473344326));
#3154=CARTESIAN_POINT('',(0.0713658183813095,-0.0046,0.0207100473344326));
#3155=CARTESIAN_POINT('',(-0.0756720378994942,-0.0046,0.0207100473344325));
#3156=CARTESIAN_POINT('',(-0.0756720378994942,-0.0046,0.0207100473344325));
#3157=CARTESIAN_POINT('',(-0.00215310975909233,-0.0046,0.0207100473344326));
#3158=CARTESIAN_POINT('',(-0.00222040839656574,-0.0046,0.0919461657071113));
#3159=CARTESIAN_POINT('',(-0.075806635174441,-0.0046,0.0919461657071112));
#3160=CARTESIAN_POINT('',(-0.075806635174441,-0.0046,0.0919461657071112));
#3161=CARTESIAN_POINT('',(0.0713658183813095,-0.0046,0.0919461657071113));
#3162=CARTESIAN_POINT('',(0.0713658183813095,-0.0046,0.0919461657071113));
#3163=CARTESIAN_POINT('',(-0.00222040839656574,-0.0046,0.0919461657071113));
#3164=CARTESIAN_POINT('',(-0.00215202569961548,-0.0046,0.0204112138599157));
#3165=CARTESIAN_POINT('',(0.0716792121529579,-0.0046,0.0204112138599157));
#3166=CARTESIAN_POINT('',(0.0716792121529579,-0.0046,0.0204112138599157));
#3167=CARTESIAN_POINT('',(-0.00215202569961548,-0.0046,0.0204112138599157));
#3168=CARTESIAN_POINT('',(-0.0759832635521889,-0.0046,0.0204112138599157));
#3169=CARTESIAN_POINT('',(-0.0759832635521889,-0.0046,0.0204112138599157));
#3170=CARTESIAN_POINT('',(0.0716792121529579,-0.0046,0.0563620970007777));
#3171=CARTESIAN_POINT('',(0.0716792121529579,-0.0046,0.0923129801416396));
#3172=CARTESIAN_POINT('',(0.0716792121529579,-0.0046,0.0923129801416396));
#3173=CARTESIAN_POINT('',(0.0716792121529579,-0.0046,0.0563620970007777));
#3174=CARTESIAN_POINT('',(-0.00215202569961548,-0.0046,0.0923129801416396));
#3175=CARTESIAN_POINT('',(-0.0759832635521889,-0.0046,0.0923129801416396));
#3176=CARTESIAN_POINT('',(-0.0759832635521889,-0.0046,0.0923129801416396));
#3177=CARTESIAN_POINT('',(-0.00215202569961548,-0.0046,0.0923129801416396));
#3178=CARTESIAN_POINT('',(0.0713658183813095,-0.0046,0.0563281065207719));
#3179=CARTESIAN_POINT('',(0.0713658183813095,-0.0046,0.0563281065207719));
#3180=CARTESIAN_POINT('',(-0.0757393365369676,-0.0046,0.0563281065207719));
#3181=CARTESIAN_POINT('',(-0.0757393365369676,-0.0046,0.0563281065207719));
#3182=CARTESIAN_POINT('',(-0.0759832635521889,-0.0046,0.0563620970007777));
#3183=CARTESIAN_POINT('',(-0.0759832635521889,-0.0046,0.0563620970007777));
#3184=CARTESIAN_POINT('',(-0.00139647167921067,-0.0046,0.0565955159254372));
#3185=CARTESIAN_POINT('',(0.076,-0.0038833000950515,0.0900297413715167));
#3186=CARTESIAN_POINT('',(0.0758933871984482,-0.0038833000950515,0.0900297413715167));
#3187=CARTESIAN_POINT('',(0.0758933871984482,-0.0038833000950515,0.0900297413715167));
#3188=CARTESIAN_POINT('',(0.0758933871984482,-0.0038833000950515,0.0900297413715167));
#3189=CARTESIAN_POINT('',(0.0760007450977961,-0.00388330009505151,0.0900297413715167));
#3190=CARTESIAN_POINT('',(0.0761081029971441,-0.00388330009505151,0.0900297413715167));
#3191=CARTESIAN_POINT('',(0.076215460896492,-0.0038833000950515,0.0900297413715167));
#3192=CARTESIAN_POINT('',(0.076215460896492,-0.0038833000950515,0.0900297413715167));
#3193=CARTESIAN_POINT('',(0.076215460896492,-0.0038833000950515,0.0900297413715167));
#3194=CARTESIAN_POINT('',(0.0758933871984482,-0.00388330009505151,0.0565984435379505));
#3195=CARTESIAN_POINT('',(0.0758933871984482,-0.00388330009505152,0.0234702586284833));
#3196=CARTESIAN_POINT('',(0.0758933871984482,-0.00388330009505152,0.0234702586284833));
#3197=CARTESIAN_POINT('',(0.0758933871984482,-0.00388330009505151,0.0565984435379505));
#3198=CARTESIAN_POINT('',(0.076,-0.00388330009505152,0.0234702586284833));
#3199=CARTESIAN_POINT('',(0.076215460896492,-0.00388330009505152,0.0234702586284833));
#3200=CARTESIAN_POINT('',(0.076215460896492,-0.00388330009505152,0.0234702586284833));
#3201=CARTESIAN_POINT('',(0.076215460896492,-0.00388330009505152,0.0234702586284833));
#3202=CARTESIAN_POINT('',(0.0761081029971441,-0.00388330009505152,0.0234702586284833));
#3203=CARTESIAN_POINT('',(0.0760007450977961,-0.00388330009505152,0.0234702586284833));
#3204=CARTESIAN_POINT('',(0.0758933871984482,-0.00388330009505152,0.0234702586284833));
#3205=CARTESIAN_POINT('',(0.076215460896492,-0.00388330009505151,0.0565984435379505));
#3206=CARTESIAN_POINT('',(0.076215460896492,-0.00388330009505151,0.0565984435379505));
#3207=CARTESIAN_POINT('',(0.076,-0.00388330009505151,0.0565984435379505));
#3208=CARTESIAN_POINT('',(0.077,-0.00680000000000001,0.0185));
#3209=CARTESIAN_POINT('',(0.077,0.0057,0.0185));
#3210=CARTESIAN_POINT('',(0.077,-0.00680000000000001,0.0182));
#3211=CARTESIAN_POINT('',(0.077,0.0057,0.0182));
#3212=CARTESIAN_POINT('',(0.077,-0.00680000000000001,0.0179));
#3213=CARTESIAN_POINT('',(0.077,0.0057,0.0179));
#3214=CARTESIAN_POINT('',(0.0768,-0.00680000000000001,0.0171666666666667));
#3215=CARTESIAN_POINT('',(0.0768,0.0057,0.0171666666666667));
#3216=CARTESIAN_POINT('',(0.0763333333333333,-0.00680000000000001,0.0167));
#3217=CARTESIAN_POINT('',(0.0763333333333333,0.0057,0.0167));
#3218=CARTESIAN_POINT('',(0.0756,-0.00680000000000001,0.0165));
#3219=CARTESIAN_POINT('',(0.0756,0.0057,0.0165));
#3220=CARTESIAN_POINT('',(0.0753,-0.00680000000000001,0.0165));
#3221=CARTESIAN_POINT('',(0.0753,0.0057,0.0165));
#3222=CARTESIAN_POINT('',(0.075,-0.00680000000000001,0.0165));
#3223=CARTESIAN_POINT('',(0.075,0.0057,0.0165));
#3224=CARTESIAN_POINT('',(0.077,0.0057,0.095));
#3225=CARTESIAN_POINT('',(0.077,-0.00680000000000002,0.095));
#3226=CARTESIAN_POINT('',(0.077,0.0057,0.0953));
#3227=CARTESIAN_POINT('',(0.077,-0.00680000000000002,0.0953));
#3228=CARTESIAN_POINT('',(0.077,0.0057,0.0956));
#3229=CARTESIAN_POINT('',(0.077,-0.00680000000000002,0.0956));
#3230=CARTESIAN_POINT('',(0.0768,0.0057,0.0963333333333334));
#3231=CARTESIAN_POINT('',(0.0768,-0.00680000000000002,0.0963333333333334));
#3232=CARTESIAN_POINT('',(0.0763333333333334,0.0057,0.0968));
#3233=CARTESIAN_POINT('',(0.0763333333333334,-0.00680000000000002,0.0968));
#3234=CARTESIAN_POINT('',(0.0756,0.0057,0.097));
#3235=CARTESIAN_POINT('',(0.0756,-0.00680000000000002,0.097));
#3236=CARTESIAN_POINT('',(0.0753,0.0057,0.097));
#3237=CARTESIAN_POINT('',(0.0753,-0.00680000000000002,0.097));
#3238=CARTESIAN_POINT('',(0.075,0.0057,0.097));
#3239=CARTESIAN_POINT('',(0.075,-0.00680000000000002,0.097));
#3240=CARTESIAN_POINT('',(-0.079,-0.00680000000000002,0.095));
#3241=CARTESIAN_POINT('',(-0.079,0.0057,0.095));
#3242=CARTESIAN_POINT('',(-0.079,-0.00680000000000002,0.0953));
#3243=CARTESIAN_POINT('',(-0.079,0.0057,0.0953));
#3244=CARTESIAN_POINT('',(-0.079,-0.00680000000000002,0.0956));
#3245=CARTESIAN_POINT('',(-0.079,0.0057,0.0956));
#3246=CARTESIAN_POINT('',(-0.0788,-0.00680000000000002,0.0963333333333334));
#3247=CARTESIAN_POINT('',(-0.0788,0.0057,0.0963333333333334));
#3248=CARTESIAN_POINT('',(-0.0783333333333334,-0.00680000000000002,0.0968));
#3249=CARTESIAN_POINT('',(-0.0783333333333334,0.0057,0.0968));
#3250=CARTESIAN_POINT('',(-0.0776,-0.00680000000000002,0.097));
#3251=CARTESIAN_POINT('',(-0.0776,0.0057,0.097));
#3252=CARTESIAN_POINT('',(-0.0773,-0.00680000000000002,0.097));
#3253=CARTESIAN_POINT('',(-0.0773,0.0057,0.097));
#3254=CARTESIAN_POINT('',(-0.077,-0.00680000000000002,0.097));
#3255=CARTESIAN_POINT('',(-0.077,0.0057,0.097));
#3256=CARTESIAN_POINT('',(-0.079,0.0057,0.0185));
#3257=CARTESIAN_POINT('',(-0.079,-0.00680000000000012,0.0185));
#3258=CARTESIAN_POINT('',(-0.079,0.0057,0.0182));
#3259=CARTESIAN_POINT('',(-0.079,-0.00680000000000012,0.0182));
#3260=CARTESIAN_POINT('',(-0.079,0.0057,0.0179));
#3261=CARTESIAN_POINT('',(-0.079,-0.00680000000000012,0.0179));
#3262=CARTESIAN_POINT('',(-0.0788,0.0057,0.0171666666666667));
#3263=CARTESIAN_POINT('',(-0.0788,-0.00680000000000012,0.0171666666666667));
#3264=CARTESIAN_POINT('',(-0.0783333333333333,0.0057,0.0167));
#3265=CARTESIAN_POINT('',(-0.0783333333333333,-0.00680000000000012,0.0167));
#3266=CARTESIAN_POINT('',(-0.0776,0.0057,0.0165));
#3267=CARTESIAN_POINT('',(-0.0776,-0.00680000000000012,0.0165));
#3268=CARTESIAN_POINT('',(-0.0773,0.0057,0.0165));
#3269=CARTESIAN_POINT('',(-0.0773,-0.00680000000000012,0.0165));
#3270=CARTESIAN_POINT('',(-0.077,0.0057,0.0165));
#3271=CARTESIAN_POINT('',(-0.077,-0.00680000000000012,0.0165));
#3272=CARTESIAN_POINT('',(0.0159789641831137,-0.000288302519692366,0.093));
#3273=CARTESIAN_POINT('',(0.0150073475886136,0.00255,0.093));
#3274=CARTESIAN_POINT('',(0.0130073475886136,-0.0007,0.093));
#3275=CARTESIAN_POINT('',(0.0159789641831137,-0.00111169748030763,0.093));
#3276=CARTESIAN_POINT('',(0.0150073475886136,-0.00395,0.093));
#3277=CARTESIAN_POINT('',(0.0350073475886136,-0.00395,0.093));
#3278=CARTESIAN_POINT('',(0.0550073475886136,-0.00395,0.093));
#3279=CARTESIAN_POINT('',(0.0540357309941135,-0.00111169748030763,0.093));
#3280=CARTESIAN_POINT('',(0.0570073475886136,-0.0007,0.093));
#3281=CARTESIAN_POINT('',(0.0540357309941135,-0.000288302519692384,0.093));
#3282=CARTESIAN_POINT('',(0.0550073475886136,0.00255,0.093));
#3283=CARTESIAN_POINT('',(0.0350073475886137,0.00255,0.093));
#3284=CARTESIAN_POINT('',(0.0151265310123563,0.00255,0.0960259880113602));
#3285=CARTESIAN_POINT('',(0.0151265310123563,0.00255,0.0961489820170403));
#3286=CARTESIAN_POINT('',(0.0151265310123563,0.00255,0.0959029940056801));
#3287=CARTESIAN_POINT('',(0.0350073475886136,0.00255,0.0961489820170403));
#3288=CARTESIAN_POINT('',(0.0548881641648709,0.00255,0.0961489820170403));
#3289=CARTESIAN_POINT('',(0.0548881641648709,0.00255,0.0960259880113602));
#3290=CARTESIAN_POINT('',(0.0548881641648709,0.00255,0.0959029940056801));
#3291=CARTESIAN_POINT('',(0.0350073475886136,0.00255,0.0959029940056801));
#3292=CARTESIAN_POINT('',(0.0245014033831279,-0.000552693836218161,0.0185));
#3293=CARTESIAN_POINT('',(0.0222048687647328,-0.000434512056258287,0.0185));
#3294=CARTESIAN_POINT('',(0.0243637123548985,-0.00284814136716866,0.0185));
#3295=CARTESIAN_POINT('',(0.0245022374713752,-0.000317076317149945,0.0185));
#3296=CARTESIAN_POINT('',(0.0243637123548985,0.00197911725465208,0.0185));
#3297=CARTESIAN_POINT('',(0.0243637123548985,0.00197911725465208,0.0176380087792528));
#3298=CARTESIAN_POINT('',(0.0243637123548985,0.00197911725465208,0.0185));
#3299=CARTESIAN_POINT('',(0.033643166560579,0.00197911725465208,0.0185));
#3300=CARTESIAN_POINT('',(0.033643166560579,0.00197911725465208,0.0176380087792528));
#3301=CARTESIAN_POINT('',(0.0429226207662594,0.00197911725465208,0.0176380087792528));
#3302=CARTESIAN_POINT('',(0.0429226207662594,0.00197911725465208,0.0185));
#3303=CARTESIAN_POINT('',(0.0427840904951221,-0.000317076006172991,0.0185));
#3304=CARTESIAN_POINT('',(0.0450814591858681,-0.000434512056258289,0.0185));
#3305=CARTESIAN_POINT('',(0.0429226207662594,0.00197911725465208,0.0185));
#3306=CARTESIAN_POINT('',(0.0427840904951221,-0.000551948106343587,0.0185));
#3307=CARTESIAN_POINT('',(0.0429226207662593,-0.00284814136716866,0.0185));
#3308=CARTESIAN_POINT('',(0.033643166560579,-0.00284814136716866,0.0185));
#3309=CARTESIAN_POINT('',(0.0350073475886136,-0.00385,0.0961489820170403));
#3310=CARTESIAN_POINT('',(0.0151265310123563,-0.00385,0.0961489820170403));
#3311=CARTESIAN_POINT('',(0.0151265310123563,-0.00385,0.0961489820170403));
#3312=CARTESIAN_POINT('',(0.0350073475886136,-0.00385,0.0961489820170403));
#3313=CARTESIAN_POINT('',(0.0548881641648709,-0.00385,0.0961489820170403));
#3314=CARTESIAN_POINT('',(0.0548881641648709,-0.00385,0.0961489820170403));
#3315=CARTESIAN_POINT('',(0.0151265310123563,-0.00385,0.0960259880113602));
#3316=CARTESIAN_POINT('',(0.0151265310123563,-0.00385,0.0959029940056801));
#3317=CARTESIAN_POINT('',(0.0151265310123563,-0.00385,0.0959029940056801));
#3318=CARTESIAN_POINT('',(0.0151265310123563,-0.00385,0.0960259880113602));
#3319=CARTESIAN_POINT('',(0.0350073475886136,-0.00385,0.0959029940056801));
#3320=CARTESIAN_POINT('',(0.0548881641648709,-0.00385,0.0959029940056801));
#3321=CARTESIAN_POINT('',(0.0548881641648709,-0.00385,0.0959029940056801));
#3322=CARTESIAN_POINT('',(0.0350073475886136,-0.00385,0.0959029940056801));
#3323=CARTESIAN_POINT('',(0.0548881641648709,-0.00385,0.0960259880113602));
#3324=CARTESIAN_POINT('',(0.0548881641648709,-0.00385,0.0960259880113602));
#3325=CARTESIAN_POINT('',(0.0350073475886136,-0.00385,0.09625));
#3326=CARTESIAN_POINT('',(0.033643166560579,-0.00262088274534792,0.0176380087792528));
#3327=CARTESIAN_POINT('',(0.0243637123548985,-0.00262088274534792,0.0176380087792528));
#3328=CARTESIAN_POINT('',(0.0243637123548985,-0.00262088274534792,0.0176380087792528));
#3329=CARTESIAN_POINT('',(0.033643166560579,-0.00262088274534792,0.0176380087792528));
#3330=CARTESIAN_POINT('',(0.0429226207662594,-0.00262088274534792,0.0176380087792528));
#3331=CARTESIAN_POINT('',(0.0429226207662594,-0.00262088274534792,0.0176380087792528));
#3332=CARTESIAN_POINT('',(0.0243637123548985,-0.00262088274534792,0.0185));
#3333=CARTESIAN_POINT('',(0.0243637123548985,-0.00262088274534792,0.0174040254343713));
#3334=CARTESIAN_POINT('',(0.0243637123548985,-0.00262088274534792,0.0174040254343713));
#3335=CARTESIAN_POINT('',(0.0243637123548985,-0.00262088274534792,0.0185));
#3336=CARTESIAN_POINT('',(0.033643166560579,-0.00262088274534792,0.0174040254343713));
#3337=CARTESIAN_POINT('',(0.0429226207662594,-0.00262088274534792,0.0174040254343713));
#3338=CARTESIAN_POINT('',(0.0429226207662594,-0.00262088274534792,0.0174040254343713));
#3339=CARTESIAN_POINT('',(0.033643166560579,-0.00262088274534792,0.0174040254343713));
#3340=CARTESIAN_POINT('',(0.0429226207662594,-0.00262088274534792,0.0185));
#3341=CARTESIAN_POINT('',(0.0429226207662594,-0.00262088274534792,0.0185));
#3342=CARTESIAN_POINT('',(0.033643166560579,-0.00262088274534792,0.0175));
#3343=MECHANICAL_DESIGN_GEOMETRIC_PRESENTATION_REPRESENTATION('',(#1891),
#3344);
#3344=(
GEOMETRIC_REPRESENTATION_CONTEXT(3)
GLOBAL_UNCERTAINTY_ASSIGNED_CONTEXT((#3345))
GLOBAL_UNIT_ASSIGNED_CONTEXT((#3348,#3347,#3346))
REPRESENTATION_CONTEXT('Part 1','TOP_LEVEL_ASSEMBLY_PART')
);
#3345=UNCERTAINTY_MEASURE_WITH_UNIT(LENGTH_MEASURE(2.31250000001237E-5),
#3348,'DISTANCE_ACCURACY_VALUE','Maximum Tolerance applied to model');
#3346=(
NAMED_UNIT(*)
SI_UNIT($,.STERADIAN.)
SOLID_ANGLE_UNIT()
);
#3347=(
NAMED_UNIT(*)
PLANE_ANGLE_UNIT()
SI_UNIT($,.RADIAN.)
);
#3348=(
LENGTH_UNIT()
NAMED_UNIT(*)
SI_UNIT($,.METRE.)
);
#3349=PRODUCT_DEFINITION_SHAPE('','',#3350);
#3350=PRODUCT_DEFINITION('','',#3352,#3351);
#3351=PRODUCT_DEFINITION_CONTEXT('',#3358,'design');
#3352=PRODUCT_DEFINITION_FORMATION_WITH_SPECIFIED_SOURCE('','',#3354,
 .NOT_KNOWN.);
#3353=PRODUCT_RELATED_PRODUCT_CATEGORY('','',(#3354));
#3354=PRODUCT('Part 1','Part 1','Part 1',(#3356));
#3355=PRODUCT_CATEGORY('','');
#3356=PRODUCT_CONTEXT('',#3358,'mechanical');
#3357=APPLICATION_PROTOCOL_DEFINITION('international standard',
'ap242_managed_model_based_3d_engineering',2020,#3358);
#3358=APPLICATION_CONTEXT('managed model based 3d engineering');
ENDSEC;
END-ISO-10303-21;
